,CAC_pct,DAX_pct,FTSE_pct,Hang Seng_pct,NIFTY_pct,Nikkei_pct,Shanghai Composite_pct,CAC_shock,DAX_shock,FTSE_shock,Hang Seng_shock,NIFTY_shock,Nikkei_shock,Shanghai Composite_shock,Weighted_Global_Move,Weighted_Shock_Score,Global_Volatility_5d,Europe_vs_Asia,Predicted_Direction,True_Direction
2023-02-17 00:00:00+00:00,0.894419,0.176056,0.183803,-1.27627,-0.508157,-0.661849,-0.769769,0.0,0.0,0.0,0.0,0.0,0.0,0.0,-0.687957575,0.0,0.5239484234490026,1.2221039166666667,0,0
2023-02-21 00:00:00+00:00,-0.250333,-0.332438,-0.101093,-1.711454,-0.100313,-0.213715,0.49174,0.0,0.0,0.0,0.0,0.0,0.0,0.0,-0.5806555750000001,0.0,0.5556845603352146,0.15548083333333337,0,0
2023-02-22 00:00:00+00:00,-0.367522,-0.516423,-0.455436,-0.514627,-1.528036,-1.342329,-0.464843,0.0,0.0,0.0,0.0,1.0,1.0,0.0,-1.0350644249999998,0.55,0.5514072810037887,0.5159984166666667,0,1
2023-02-23 00:00:00+00:00,-0.12848,0.014739,-0.591638,-0.35493,-0.245243,0.0,-0.111509,0.0,0.0,0.0,0.0,0.0,0.0,0.0,-0.24257707499999998,0.0,0.5559415634305753,-0.057205833333333345,1,2
2023-02-24 00:00:00+00:00,0.248935,0.492216,-0.288754,-1.67709,-0.259543,1.288208,-0.618105,0.0,0.0,0.0,0.0,0.0,1.0,0.0,-0.44052717500000005,0.15,0.2960319158798836,0.4674315,0,0
2023-02-27 00:00:00+00:00,-1.778769,-1.718503,-0.366731,-0.33248,-0.418541,-0.107526,-0.279444,1.0,1.0,0.0,0.0,0.0,0.0,0.0,-0.40302985,0.05,0.30160281595249744,-1.00350325,1,2
2023-02-28 00:00:00+00:00,1.50655,1.128813,0.715853,-0.790083,-0.510272,0.078762,0.662366,1.0,0.0,0.0,0.0,0.0,0.0,0.0,-0.294524375,0.025,0.31870850109188503,1.25687875,1,1
2023-03-01 00:00:00+00:00,-0.378582,-0.105907,-0.741015,4.21396,0.849235,0.25858,0.998289,0.0,0.0,0.0,1.0,0.0,0.0,0.0,1.643420475,0.3,0.892903631503657,-1.9885173333333335,2,1
2023-03-02 00:00:00+00:00,-0.463408,-0.391276,0.490079,-0.922661,-0.739217,-0.06418,-0.051329,0.0,0.0,0.0,0.0,0.0,0.0,0.0,-0.5815416999999999,0.0,0.9328855902320539,0.32281175,0,0
2023-03-03 00:00:00+00:00,0.690745,0.147795,0.367662,0.675877,1.57286,1.558615,0.535846,0.0,0.0,0.0,0.0,1.0,1.0,0.0,1.1318382500000004,0.55,1.0150808432448402,-0.6837321666666667,2,2
2023-03-06 00:00:00+00:00,0.877237,1.635934,0.039024,0.173333,0.665552,1.111123,-0.191079,0.0,1.0,0.0,0.0,0.0,1.0,0.0,0.540115675,0.175,0.9365500466630459,0.4109994166666668,2,2
2023-03-07 00:00:00+00:00,0.341446,0.482659,-0.217693,-0.333487,0.0,0.252785,-1.111668,0.0,0.0,0.0,0.0,0.0,0.0,1.0,-0.107993775,0.05,0.9006193724961803,0.5002298333333334,0,1
2023-03-08 00:00:00+00:00,-0.460314,-0.60082,-0.129887,-2.353264,0.242505,0.476981,-0.056318,0.0,0.0,0.0,1.0,0.0,0.0,0.0,-0.5732686499999998,0.3,0.7446127188220519,0.025516999999999956,0,1
2023-03-09 00:00:00+00:00,-0.197707,0.464923,0.13132,-0.625945,-0.928225,0.629165,-0.218074,0.0,0.0,0.0,0.0,0.0,0.0,0.0,-0.46235605,0.0,0.7195533014450098,0.4186150833333333,0,1
2023-03-10 00:00:00+00:00,-0.121231,0.008571,-0.629263,-3.04039,-1.004566,-1.674098,-1.404418,0.0,0.0,0.0,1.0,0.0,1.0,1.0,-1.66955865,0.49999999999999994,0.8062043901143385,1.5335603333333332,0,1
2023-03-13 00:00:00+00:00,-1.301415,-1.312848,-1.670052,1.946441,-1.485104,-1.105067,1.195632,1.0,1.0,1.0,0.0,1.0,1.0,1.0,-0.26494692500000006,0.7000000000000002,0.6157771802572582,-1.5660804999999998,2,0
2023-03-14 00:00:00+00:00,-2.896822,-3.036693,-2.578594,-2.274626,-0.647068,-2.194958,-0.715572,1.0,1.0,1.0,1.0,0.0,1.0,0.0,-1.5835048749999998,0.5499999999999999,0.6634007262181189,-1.379313666666667,0,2
2023-03-15 00:00:00+00:00,1.855093,1.82734,1.172403,1.516567,-0.417468,0.027336,0.554647,1.0,1.0,1.0,0.0,0.0,0.0,0.0,0.470496625,0.1,0.9132926052513345,1.1980081666666669,0,0
2023-03-16 00:00:00+00:00,-3.582684,-3.266434,-3.831298,-1.719351,0.079243,-0.803802,-1.11605,1.0,1.0,1.0,0.0,0.0,0.0,0.0,-1.02327375,0.1,0.9109479394326229,-2.6701486666666665,2,1
2023-03-17 00:00:00+00:00,2.033345,1.573368,0.891824,1.638623,0.673813,1.196492,0.733219,1.0,0.0,0.0,0.0,0.0,0.0,0.0,1.1120058750000001,0.025,1.0897566993709509,0.43897558333333353,2,1
2023-03-20 00:00:00+00:00,-1.427901,-1.328911,-1.006749,-2.65326,-0.652924,-1.419924,-0.481154,0.0,0.0,0.0,1.0,0.0,1.0,0.0,-1.41345165,0.44999999999999996,1.2064248031523985,0.047295166666666555,0,1
2023-03-21 00:00:00+00:00,1.266934,1.118482,0.933828,1.358101,0.701064,0.0,0.64113,0.0,0.0,0.0,0.0,0.0,0.0,0.0,0.8262392000000001,0.0,1.138570756762754,0.4313409166666665,0,2
2023-03-22 00:00:00+00:00,1.422616,1.754191,1.7869,1.727369,0.259538,1.933296,0.310233,0.0,0.0,1.0,0.0,0.0,1.0,0.0,1.096297125,0.2,1.2343574661528165,0.5969599999999997,2,1
2023-03-23 00:00:00+00:00,0.256013,0.137217,0.406035,2.338834,-0.437269,-0.171117,0.639973,0.0,0.0,0.0,0.0,0.0,0.0,0.0,0.5632061999999999,0.0,1.0585263341231195,-0.32618358333333336,1,2
2023-03-24 00:00:00+00:00,0.114006,-0.038122,-0.888086,-0.668146,-0.772093,-0.125309,-0.638948,0.0,0.0,0.0,0.0,0.0,0.0,0.0,-0.60253195,0.0,1.0628376467920073,0.28039000000000003,0,1
2023-03-27 00:00:00+00:00,-1.738977,-1.664383,-1.254735,-1.747318,0.239884,0.334557,-0.43636,0.0,0.0,0.0,0.0,0.0,0.0,0.0,-0.547697,0.0,0.7918392005950987,-1.1503890833333335,0,1
2023-03-28 00:00:00+00:00,0.900485,1.139577,0.895278,1.108771,-0.200168,0.150603,-0.185152,0.0,0.0,0.0,0.0,0.0,0.0,0.0,0.3616624,0.0,0.7350474275422361,0.7599331666666667,0,1
2023-03-29 00:00:00+00:00,0.142264,0.094792,0.167296,2.060941,0.760986,1.328316,-0.16392,0.0,0.0,0.0,0.0,0.0,0.0,0.0,1.1280193000000003,0.0,0.7450648587608867,-0.8617967499999999,2,2
2023-03-30 00:00:00+00:00,1.391728,1.233394,1.068904,0.578091,0.0,-0.361678,0.653998,0.0,0.0,0.0,0.0,0.0,0.0,0.0,0.27094875,0.0,0.7185296121615679,1.0137392500000002,1,2
2023-03-31 00:00:00+00:00,1.062752,1.263115,0.741643,0.447969,1.63372,0.93061,0.356002,0.0,0.0,0.0,0.0,1.0,0.0,0.0,1.040499125,0.4,0.6789070659511138,0.18042808333333304,2,1
2023-04-03 00:00:00+00:00,0.812571,0.685715,0.14829,0.044462,0.22063,0.523046,0.719242,0.0,0.0,0.0,0.0,0.0,0.0,0.0,0.26088125,0.0,0.4336345970736056,0.17201366666666673,1,0
2023-04-04 00:00:00+00:00,0.321887,-0.306612,0.541161,-0.659457,0.0,0.352168,0.490237,0.0,0.0,0.0,0.0,0.0,0.0,0.0,-0.093060125,0.0,0.5351653840234967,0.13974166666666665,1,1
2023-04-05 00:00:00+00:00,-0.013613,0.144727,-0.501759,0.0,0.913895,-1.676223,0.0,0.0,0.0,0.0,0.0,0.0,1.0,0.0,0.09231445000000005,0.15,0.4322377578760836,0.06703366666666669,1,1
2023-04-06 00:00:00+00:00,-0.390202,-0.533854,0.371994,0.279213,0.239787,-1.2247,0.002108,0.0,0.0,0.0,0.0,0.0,0.0,0.0,-0.008422599999999985,0.0,0.4566147495933173,-0.008122666666666695,1,0
2023-04-10 00:00:00+00:00,0.115498,0.500766,1.027029,0.0,0.141486,0.419174,-0.369324,0.0,0.0,0.0,0.0,0.0,0.0,0.0,0.16776235,0.0,0.1398788831069032,0.4999303333333334,1,0
2023-04-11 00:00:00+00:00,0.0,0.0,0.0,0.757658,0.557477,1.048392,-0.053992,0.0,0.0,0.0,0.0,0.0,0.0,0.0,0.6048474,0.0,0.27141715630596774,-0.57738375,2,1
2023-04-12 00:00:00+00:00,0.894635,0.367231,0.569651,-0.856133,0.508397,0.570598,0.410731,0.0,0.0,0.0,0.0,0.0,0.0,0.0,0.11267435,0.0,0.23843897855118723,0.45210741666666665,1,2
2023-04-13 00:00:00+00:00,0.09012,0.309353,0.502198,0.170464,0.087577,0.264474,-0.265084,0.0,0.0,0.0,0.0,0.0,0.0,0.0,0.147683625,0.0,0.23378566207313678,0.23619925,1,2
2023-04-14 00:00:00+00:00,1.134119,0.164678,0.237707,0.463664,0.0,1.195086,0.596373,0.0,0.0,0.0,0.0,0.0,0.0,0.0,0.392536025,0.0,0.2098588146084059,-0.051612749999999985,2,0
2023-04-17 00:00:00+00:00,0.518389,0.496139,0.363363,1.681305,-0.679551,0.074784,1.421752,0.0,0.0,0.0,0.0,0.0,0.0,1.0,0.35840764999999997,0.05,0.20031185915093322,-0.16527549999999996,1,1
2023-04-18 00:00:00+00:00,-0.284984,-0.113678,0.096547,-0.63486,-0.263735,0.505179,0.228023,0.0,0.0,0.0,0.0,0.0,0.0,0.0,-0.2139132,0.0,0.24271368206077332,-0.05935675000000002,1,2
2023-04-19 00:00:00+00:00,0.472777,0.589882,0.379464,-1.369216,-0.234428,-0.18169,-0.6837,0.0,0.0,0.0,0.0,0.0,0.0,0.0,-0.520434825,0.0,0.3922896747821136,1.0979661666666667,0,0
2023-04-20 00:00:00+00:00,0.20986,0.078893,-0.134019,0.143418,0.032347,0.177617,-0.09198,0.0,0.0,0.0,0.0,0.0,0.0,0.0,0.07852562499999999,0.0,0.3884290479284814,-0.0137725,1,0
2023-04-21 00:00:00+00:00,-0.142129,-0.624279,0.048112,-1.574941,-0.002261,-0.325224,-1.953354,0.0,0.0,0.0,0.0,0.0,0.0,1.0,-0.6365926,0.05,0.41291941525289927,0.7245130000000001,0,1
2023-04-24 00:00:00+00:00,0.507912,0.542483,0.145522,-0.576771,0.677197,0.102052,-0.783037,0.0,0.0,0.0,0.0,0.0,0.0,0.0,0.10753942500000005,0.0,0.33867623870242264,0.54377875,1,1
2023-04-25 00:00:00+00:00,-0.041443,-0.111512,-0.024007,-1.713726,0.145686,0.092856,-0.321786,0.0,0.0,0.0,0.0,0.0,0.0,0.0,-0.46302852499999997,0.0,0.35247800706770027,0.39025516666666665,0,0
2023-04-26 00:00:00+00:00,-0.55784,0.051561,-0.266678,0.710518,0.249586,-0.711388,-0.023585,0.0,0.0,0.0,0.0,0.0,0.0,0.0,0.17911147499999996,0.0,0.37469177380625013,-0.3139350833333333,1,2
2023-04-27 00:00:00+00:00,-0.862362,-0.481343,-0.487891,0.420148,0.569515,0.145018,0.667252,0.0,0.0,0.0,0.0,0.0,0.0,0.0,0.350978525,0.0,0.4312162626171135,-1.06101525,2,2
2023-04-28 00:00:00+00:00,0.230085,0.02988,-0.267427,0.27364,0.837001,1.401238,1.137903,0.0,0.0,0.0,0.0,1.0,1.0,1.0,0.677101025,0.6000000000000001,0.4167173960333352,-0.9149328333333333,2,1
2023-05-01 00:00:00+00:00,0.102356,0.771685,0.497983,0.0,0.0,0.92437,0.0,0.0,0.0,0.0,0.0,0.0,0.0,0.0,0.185405675,0.0,0.4152360546831357,0.22624883333333337,1,1
2023-05-02 00:00:00+00:00,0.0,0.0,0.0,0.197241,0.457517,0.119388,0.0,0.0,0.0,0.0,0.0,0.0,0.0,0.0,0.2600873,0.0,0.20584000505018774,-0.1935365,1,1
2023-05-03 00:00:00+00:00,-1.445636,-1.227451,-1.240059,-1.177148,-0.318503,0.0,0.0,1.0,1.0,1.0,0.0,0.0,0.0,0.0,-0.609375725,0.1,0.47582663423877314,-0.9304692499999999,0,1
2023-05-04 00:00:00+00:00,0.279417,0.560307,0.19812,1.266908,0.917372,0.0,0.818168,0.0,0.0,0.0,0.0,1.0,0.0,0.0,0.8188287,0.4,0.5584433389882159,-0.40466399999999997,1,1
2023-05-05 00:00:00+00:00,-0.851722,-0.511028,-1.101636,0.504193,-1.023241,0.0,-0.476351,0.0,0.0,1.0,0.0,1.0,0.0,0.0,-0.3710066000000001,0.45,0.5624414343854798,-0.5726122499999999,2,2
2023-05-08 00:00:00+00:00,1.255456,1.441311,0.984081,1.235547,1.081412,-0.713591,1.814365,1.0,1.0,1.0,0.0,1.0,0.0,1.0,0.903531725,0.55,0.6823952446958262,0.3725160833333334,1,1
2023-05-09 00:00:00+00:00,0.10736,-0.051309,0.0,-2.115823,0.00848,1.011885,-1.09956,0.0,0.0,0.0,1.0,0.0,0.0,0.0,-0.533148875,0.3,0.7535516709819894,0.5674381666666667,0,0
2023-05-10 00:00:00+00:00,-0.587834,0.016614,-0.18384,-0.530416,0.269082,-0.412548,-1.147225,0.0,0.0,0.0,0.0,0.0,0.0,0.0,-0.19420795,0.0,0.6834811472937532,0.20359008333333334,1,2
2023-05-11 00:00:00+00:00,-0.486263,-0.371346,-0.293663,-0.093158,-0.098823,0.015593,-0.289226,0.0,0.0,0.0,0.0,0.0,0.0,0.0,-0.115722325,0.0,0.5634897563613547,-0.26735383333333335,1,1
2023-05-12 00:00:00+00:00,0.279568,-0.385754,-0.138216,-0.590306,0.097288,0.898076,-1.123716,0.0,0.0,0.0,0.0,0.0,0.0,0.0,-0.06921645,0.0,0.5377037384079394,0.09819716666666663,1,1
2023-05-15 00:00:00+00:00,0.447999,0.49833,0.310455,1.752109,0.458912,0.809979,1.17285,0.0,0.0,0.0,1.0,0.0,0.0,0.0,0.928517825,0.3,0.5482334683866361,-0.6295344999999999,2,1
2023-05-16 00:00:00+00:00,0.045313,0.02149,0.297889,0.035647,-0.610634,0.731276,-0.596543,0.0,0.0,0.0,0.0,0.0,0.0,0.0,-0.137130725,0.0,0.47509500708357943,0.23162750000000001,1,1
2023-05-17 00:00:00+00:00,-0.164463,-0.121318,-0.342005,-2.090672,-0.572827,0.839727,-0.20541,0.0,0.0,0.0,1.0,0.0,0.0,0.0,-0.7648886250000001,0.3,0.6081049875345095,0.29803350000000006,0,1
2023-05-18 00:00:00+00:00,-0.088709,0.335705,-0.359948,0.852121,-0.284905,1.596153,0.398574,0.0,0.0,0.0,0.0,0.0,1.0,0.0,0.38920344999999995,0.15,0.6321124506963741,-0.6781364166666667,2,1
2023-05-19 00:00:00+00:00,0.641267,1.329425,0.247302,-1.402525,0.405137,0.766731,-0.417916,0.0,1.0,0.0,0.0,0.0,0.0,0.0,-0.10295644999999992,0.025,0.6341376438514954,0.9014745833333333,1,1
2023-05-22 00:00:00+00:00,0.605217,0.693046,0.188576,1.170144,0.609776,0.903881,0.39378,0.0,0.0,0.0,0.0,0.0,1.0,0.0,0.792110125,0.15,0.5888884122716064,-0.27378224999999995,2,1
2023-05-23 00:00:00+00:00,-0.184195,-0.315751,0.181775,-1.254791,0.18346,-0.41513,-1.523751,0.0,0.0,0.0,0.0,0.0,0.0,1.0,-0.44492024999999996,0.05,0.6263127276398963,0.6464960000000001,0,0
2023-05-24 00:00:00+00:00,-1.329875,-0.438424,-0.102947,-1.622748,-0.341179,-0.888597,-1.278094,1.0,0.0,0.0,0.0,0.0,0.0,0.0,-0.869845075,0.025,0.658202955434803,0.4089058333333334,0,0
2023-05-25 00:00:00+00:00,-1.697451,-1.923687,-1.750611,-1.930378,0.195511,0.386052,-0.108901,1.0,1.0,1.0,1.0,0.0,0.0,0.0,-0.62650525,0.4,0.6464465264255085,-1.426154,0,2
2023-05-26 00:00:00+00:00,-0.333495,-0.305073,-0.736849,0.0,0.972642,0.373946,0.351111,0.0,0.0,0.0,0.0,1.0,0.0,0.0,0.4098976000000001,0.4,0.7129596573395086,-0.8828970833333334,1,1
2023-05-30 00:00:00+00:00,1.243696,1.20408,0.743641,0.240794,0.189257,0.302947,0.085676,1.0,1.0,0.0,0.0,0.0,0.0,0.0,0.29604330000000006,0.05,0.5695487486626926,0.8591371666666666,1,2
2023-05-31 00:00:00+00:00,-1.287822,-0.274688,-1.377964,-1.944042,-0.533702,-1.405379,-0.609449,1.0,0.0,1.0,1.0,0.0,1.0,0.0,-1.1459336500000001,0.5249999999999999,0.7014406585952666,0.14298500000000003,0,0
2023-06-01 00:00:00+00:00,-1.540273,-1.53933,-1.010356,-0.095202,-0.251696,0.842171,0.002179,1.0,1.0,1.0,0.0,0.0,0.0,0.0,-0.130312275,0.1,0.650353895695863,-1.4876826666666667,2,1
2023-06-02 00:00:00+00:00,0.545593,1.210677,0.593595,4.023895,0.250704,1.207817,0.793857,0.0,1.0,0.0,1.0,0.0,1.0,0.0,1.601902,0.475,0.9923525647441116,-0.7857799166666667,2,2
2023-06-05 00:00:00+00:00,1.867055,1.246213,1.56202,0.836734,0.322379,2.198973,0.073369,1.0,1.0,1.0,0.0,0.0,1.0,0.0,0.8694189,0.25,1.0362286612961387,0.7005655833333334,2,1
2023-06-06 00:00:00+00:00,-0.959741,-0.544138,-0.095958,-0.048254,0.027699,0.898115,-1.147735,0.0,0.0,0.0,0.0,0.0,0.0,0.0,0.03153902499999997,0.0,1.0430966865058586,-0.46573524999999993,2,1
2023-06-07 00:00:00+00:00,0.112345,0.178846,0.369738,0.799615,0.684985,-1.824355,0.075733,0.0,0.0,0.0,0.0,0.0,1.0,0.0,0.269778575,0.15,0.7099926309581256,0.2863151666666667,1,1
2023-06-08 00:00:00+00:00,-0.086142,-0.19935,-0.04982,0.245064,-0.490482,-0.853772,0.495036,0.0,0.0,0.0,0.0,0.0,0.0,0.0,-0.23561590000000002,0.0,0.7355223566722661,0.039267833333333294,1,1
2023-06-09 00:00:00+00:00,0.268783,0.184207,-0.322647,0.470328,-0.38182,1.971793,0.554515,0.0,0.0,0.0,0.0,0.0,1.0,0.0,0.3070575,0.15,0.4095309168791095,-0.6102563333333333,1,2
2023-06-12 00:00:00+00:00,-0.124752,-0.250908,-0.490813,0.074066,0.20524,0.523258,-0.079836,0.0,0.0,0.0,0.0,0.0,0.0,0.0,0.14488055,0.0,0.21850317038797046,-0.46950633333333336,1,2
2023-06-13 00:00:00+00:00,0.515864,0.928099,0.109757,0.603522,0.61635,1.802579,0.149895,0.0,0.0,0.0,0.0,0.0,1.0,0.0,0.7470651249999999,0.15,0.35268141154817795,-0.2751798333333332,2,2
2023-06-14 00:00:00+00:00,0.5579,0.825013,0.318327,-0.578851,0.212383,1.465152,-0.144725,0.0,0.0,0.0,0.0,0.0,1.0,0.0,0.174323625,0.15,0.35369737885516395,0.3285902499999999,1,1
2023-06-15 00:00:00+00:00,0.517501,0.493574,0.104024,2.166585,-0.36149,-0.050544,0.742956,0.0,0.0,0.0,1.0,0.0,0.0,0.0,0.5654237749999999,0.3,0.2606352797597106,-0.2526770833333332,1,1
2023-06-16 00:00:00+00:00,-0.513331,-0.126725,0.336717,1.066368,0.737905,0.658763,0.625583,0.0,0.0,0.0,0.0,1.0,0.0,0.0,0.7460004500000001,0.4,0.29791811709042826,-0.8732677499999999,2,2
2023-06-20 00:00:00+00:00,1.34057,0.414422,0.188776,-1.535742,0.326572,0.055403,-0.474535,1.0,0.0,0.0,0.0,0.0,0.0,0.0,-0.2921964999999999,0.025,0.4463451797554981,1.0549981666666666,1,1
2023-06-21 00:00:00+00:00,-0.271804,-0.554773,-0.253017,-1.982603,0.213376,0.557761,-1.310355,0.0,0.0,0.0,0.0,0.0,0.0,1.0,-0.524599375,0.05,0.5426079138890255,0.27059058333333336,0,1
2023-06-22 00:00:00+00:00,-0.455154,-0.547382,-0.133429,0.0,-0.453944,-0.924082,0.0,0.0,0.0,0.0,0.0,0.0,0.0,0.0,-0.35192475000000006,0.0,0.5823620398364986,-0.034148500000000026,1,0
2023-06-23 00:00:00+00:00,-0.794528,-0.218245,-0.756696,-1.708674,-0.563362,-1.453003,0.0,0.0,0.0,0.0,0.0,0.0,0.0,0.0,-1.0190515750000002,0.0,0.6449178158137321,0.34143674999999996,0,0
2023-06-26 00:00:00+00:00,-0.553357,-0.989606,-0.534525,-0.507358,0.137683,-0.252363,-1.478464,0.0,0.0,0.0,0.0,0.0,0.0,1.0,-0.27421217500000006,0.05,0.3105717893678654,-0.1673705000000001,1,1
2023-06-27 00:00:00+00:00,0.292181,-0.106639,-0.111229,1.883567,0.67519,-0.490784,1.232133,0.0,0.0,0.0,0.0,0.0,0.0,1.0,0.8222122500000001,0.05,0.6755654917127659,-0.8002554999999999,2,2
2023-06-28 00:00:00+00:00,0.434695,0.213752,0.105988,0.12492,0.822107,2.015033,-0.001883,0.0,0.0,0.0,0.0,1.0,1.0,0.0,0.6899901749999999,0.55,0.7723489861307246,-0.48856591666666666,2,0
2023-06-29 00:00:00+00:00,0.980375,0.644542,0.522683,-1.239781,0.0,0.120963,-0.219478,0.0,0.0,0.0,0.0,0.0,0.0,0.0,-0.298006675,0.0,0.7670292503703178,1.0504406666666666,1,1
2023-06-30 00:00:00+00:00,0.362462,-0.014297,-0.383972,-0.094694,1.143527,-0.135709,0.618411,0.0,0.0,0.0,0.0,1.0,0.0,0.0,0.4290723249999999,0.4,0.5304149247347237,-0.39481941666666664,1,2
2023-07-03 00:00:00+00:00,1.19422,1.26158,0.800351,2.062546,0.695709,1.700227,1.309155,0.0,1.0,0.0,0.0,0.0,1.0,1.0,1.31895175,0.225,0.5936570821138158,-0.3565255833333334,2,1
2023-07-05 00:00:00+00:00,-0.180537,-0.41405,-0.055768,-1.572434,0.048997,-0.25079,-0.690223,0.0,0.0,0.0,0.0,0.0,0.0,0.0,-0.541914125,0.0,0.7535783938546203,0.39932750000000006,0,1
2023-07-06 00:00:00+00:00,-0.80218,-0.633386,-1.031957,-3.021029,0.509322,-1.696766,-0.539254,0.0,0.0,1.0,1.0,0.0,0.0,0.0,-1.0715445,0.35,0.9285850371401688,0.3644240833333332,0,0
2023-07-07 00:00:00+00:00,-3.125782,-2.566513,-2.171431,-0.90299,-0.848835,-1.173525,-0.279512,1.0,1.0,1.0,0.0,1.0,0.0,0.0,-1.051314275,0.5,1.0371585385627864,-1.8200265,2,1
2023-07-10 00:00:00+00:00,0.417801,0.482082,-0.324155,0.620839,0.124663,-0.613458,0.221793,0.0,0.0,0.0,0.0,0.0,0.0,0.0,0.16147717500000003,0.0,1.004031212889304,0.10345008333333333,1,1
2023-07-11 00:00:00+00:00,0.447281,0.447081,0.23288,0.974633,0.431393,0.042995,0.551555,0.0,0.0,0.0,0.0,0.0,0.0,0.0,0.53297715,0.0,0.7212573573703914,-0.12439666666666666,1,1
2023-07-12 00:00:00+00:00,1.068353,0.747646,0.11961,1.077819,-0.283443,-0.806248,-0.783525,0.0,0.0,0.0,0.0,0.0,0.0,0.0,0.101235525,0.0,0.7452486164348223,0.8440522500000001,0,2
2023-07-13 00:00:00+00:00,1.565095,1.473433,1.834536,2.59621,0.151923,1.488234,1.262467,1.0,1.0,1.0,1.0,0.0,0.0,1.0,1.29368065,0.45,0.8490799926598676,0.24964616666666628,2,2
2023-07-14 00:00:00+00:00,0.501704,0.73663,0.32497,0.326399,0.776511,-0.086585,0.037694,0.0,0.0,0.0,0.0,1.0,0.0,0.0,0.4446279,0.4,0.4763040434933596,0.25759658333333335,1,1
2023-07-17 00:00:00+00:00,0.06432,-0.222786,-0.075268,0.0,0.751101,0.0,-0.866976,0.0,0.0,0.0,0.0,1.0,0.0,0.0,0.24936655,0.4,0.46177414471444816,-0.04894258333333336,1,1
2023-07-18 00:00:00+00:00,-1.123865,-0.226139,-0.37931,-2.050392,0.191771,0.316847,-0.367949,0.0,0.0,0.0,1.0,0.0,0.0,0.0,-0.5619951999999999,0.3,0.6695670920875407,-0.09900724999999999,0,1
2023-07-19 00:00:00+00:00,0.377418,0.353731,0.638641,-0.333462,0.424828,1.237588,0.031897,0.0,0.0,0.0,0.0,0.0,0.0,0.0,0.30733642499999997,0.0,0.6601349173300298,0.1163839166666667,1,1
2023-07-20 00:00:00+00:00,0.10602,-0.102698,1.804473,-0.128169,0.736141,-1.232707,-0.916584,0.0,0.0,1.0,0.0,1.0,0.0,0.0,0.11557715000000002,0.45,0.3943172446154254,0.9879280833333333,1,0
2023-07-21 00:00:00+00:00,0.791193,0.591536,0.763025,0.777896,-1.171974,-0.573304,-0.055845,0.0,0.0,0.0,0.0,1.0,0.0,0.0,-0.251489175,0.4,0.36915278473636715,0.9710580833333333,0,2
2023-07-24 00:00:00+00:00,0.648076,-0.166623,0.230184,-2.134227,-0.367943,1.227979,-0.113332,0.0,0.0,0.0,1.0,0.0,0.0,0.0,-0.5853695250000001,0.3,0.39970762530431925,0.5840930833333333,0,1
2023-07-25 00:00:00+00:00,-0.073458,0.084875,0.194422,4.104584,0.041937,-0.056358,2.128846,0.0,0.0,0.0,1.0,0.0,0.0,1.0,1.356145125,0.35,0.7374448239929753,-1.48613925,2,1
2023-07-26 00:00:00+00:00,-0.159679,0.127476,0.171903,-0.356377,0.496434,-0.043356,-0.262724,0.0,0.0,0.0,0.0,0.0,0.0,0.0,0.07981097500000002,0.0,0.7352907270004244,0.08807241666666668,1,1
2023-07-27 00:00:00+00:00,-1.353665,-0.494275,-0.193712,1.414752,-0.598638,0.682068,-0.197333,0.0,0.0,0.0,0.0,0.0,0.0,0.0,0.22152985000000003,0.0,0.7358317293181198,-1.0057629166666666,2,2
2023-07-28 00:00:00+00:00,2.052891,1.702074,0.207114,1.412748,-0.070446,-0.40111,1.842278,1.0,1.0,0.0,0.0,0.0,0.0,1.0,0.531823225,0.1,0.7080861193231525,0.6248255000000001,0,2
2023-07-31 00:00:00+00:00,0.15043,0.388398,0.019499,0.815296,0.548456,1.260678,0.461246,0.0,0.0,0.0,0.0,0.0,0.0,0.0,0.6905808499999999,0.0,0.498888616839974,-0.5853100000000001,2,1
2023-08-01 00:00:00+00:00,0.285022,-0.139164,0.066284,-0.337768,-0.102512,0.917513,-0.002767,0.0,0.0,0.0,0.0,0.0,0.0,0.0,0.0021140500000000027,0.0,0.29560889759783304,-0.04790249999999999,1,1
2023-08-02 00:00:00+00:00,-1.223025,-1.255134,-0.429905,-2.46732,-1.048975,-2.296796,-0.889076,0.0,1.0,0.0,1.0,1.0,1.0,0.0,-1.6322084250000002,0.875,0.9308586085835934,0.7061870833333334,0,0
2023-08-03 00:00:00+00:00,-1.258969,-1.356992,-1.365714,-0.494491,-0.742069,-1.676701,0.575559,0.0,1.0,1.0,0.0,0.0,1.0,0.0,-0.801586825,0.225,0.9713287123688457,-0.7427995000000002,0,0
2023-08-04 00:00:00+00:00,-0.715318,-0.790509,-0.428479,0.610641,0.698339,0.104078,0.232318,0.0,0.0,0.0,0.0,0.0,0.0,0.0,0.430685875,0.0,0.9520511099614534,-1.0561126666666667,2,2
2023-08-07 00:00:00+00:00,0.751185,0.367955,0.467509,-0.007887,0.41144,0.192001,-0.585536,0.0,0.0,0.0,0.0,0.0,0.0,0.0,0.21308719999999998,0.0,0.8512084989739824,0.5263785,0,2
2023-08-08 00:00:00+00:00,0.064113,-0.006899,-0.130875,-1.810582,-0.134974,0.3805,-0.251189,0.0,0.0,0.0,0.0,0.0,0.0,0.0,-0.5577620499999999,0.0,0.8285865388375847,0.42950758333333333,0,0
2023-08-09 00:00:00+00:00,-0.687038,-1.10233,-0.358728,0.32245,0.315271,-0.534198,-0.494695,0.0,0.0,0.0,0.0,0.0,0.0,0.0,0.05530835000000004,0.0,0.5245009086350578,-0.6182389999999999,1,1
2023-08-10 00:00:00+00:00,0.723159,0.492239,0.795758,0.011589,-0.455627,0.836286,0.310374,0.0,0.0,0.0,0.0,0.0,0.0,0.0,0.032360349999999975,0.0,0.36744668273275816,0.4947298333333333,1,2
2023-08-11 00:00:00+00:00,1.523893,0.907988,0.412535,-0.899148,-0.587414,0.0,-2.006725,0.0,0.0,0.0,0.0,0.0,0.0,1.0,-0.523622475,0.05,0.35809047437316005,1.8214604166666666,0,0
2023-08-14 00:00:00+00:00,-1.25686,-1.027409,-1.239071,-1.581314,0.03217,-1.27408,-0.339267,0.0,0.0,1.0,0.0,0.0,0.0,0.0,-0.788661825,0.05,0.3794728789207612,-0.3838239166666666,0,1
2023-08-15 00:00:00+00:00,0.117843,0.455276,-0.225938,-1.025067,0.0,0.558269,-0.07079,0.0,0.0,0.0,0.0,0.0,0.0,0.0,-0.22428817499999995,0.0,0.36425092037369156,0.250124,1,1
2023-08-16 00:00:00+00:00,-1.104115,-0.861215,-1.566497,-1.355186,0.156676,-1.464288,-0.820169,0.0,0.0,1.0,0.0,0.0,0.0,0.0,-0.7319951499999999,0.05,0.3475674943465621,-0.30653391666666663,0,1
2023-08-17 00:00:00+00:00,-0.102511,0.140607,-0.442516,-0.014566,-0.512458,-0.443294,0.432049,0.0,0.0,0.0,0.0,0.0,0.0,0.0,-0.2754180500000001,0.0,0.25679395191019083,-0.00023941666666668637,1,2
2023-08-18 00:00:00+00:00,-0.943628,-0.712816,-0.634774,-2.050466,-0.284528,-0.554102,-1.004825,0.0,0.0,0.0,0.0,0.0,0.0,0.0,-0.93545735,0.0,0.32080760996861135,0.20974091666666694,0,0
2023-08-21 00:00:00+00:00,-0.384196,-0.654725,-0.653885,-1.824763,0.432152,0.365272,-1.244272,0.0,0.0,0.0,0.0,0.0,0.0,0.0,-0.44065817500000004,0.0,0.30458802972721594,0.003634083333333371,0,2
2023-08-22 00:00:00+00:00,0.473893,0.186336,-0.063341,0.951699,0.014694,0.922111,0.884264,0.0,0.0,0.0,0.0,0.0,0.0,0.0,0.487255825,0.0,0.5475354188302045,-0.4942293333333334,1,2
2023-08-23 00:00:00+00:00,0.59488,0.655887,0.179118,0.30864,0.245152,0.481998,-1.343774,0.0,0.0,0.0,0.0,0.0,0.0,1.0,0.23598887500000004,0.05,0.5625566914008852,0.5536243333333334,1,1
2023-08-24 00:00:00+00:00,0.079275,0.145108,0.683559,2.05229,-0.294696,0.865195,0.124743,0.0,0.0,0.0,0.0,0.0,0.0,0.0,0.6736125250000001,0.0,0.6738020590642129,-0.3842356666666667,2,2
2023-08-25 00:00:00+00:00,-0.443795,-0.679788,0.178951,-0.509436,-0.623615,-2.053233,-0.589504,0.0,0.0,0.0,0.0,0.0,1.0,0.0,-0.7588789749999999,0.15,0.6142378825522113,0.6290696666666669,0,1
2023-08-28 00:00:00+00:00,0.209858,0.066127,0.068179,0.062638,0.208919,1.725608,1.128232,0.0,0.0,0.0,0.0,0.0,1.0,0.0,0.427920375,0.15,0.5653865916872566,-0.6666279166666667,1,2
2023-08-29 00:00:00+00:00,1.315562,1.028607,0.0,1.948564,0.189576,0.177123,1.20214,1.0,0.0,0.0,0.0,0.0,0.0,0.0,0.8056792749999999,0.025,0.6193357937532641,-0.09796108333333331,1,1
2023-08-30 00:00:00+00:00,0.665149,0.875533,1.722398,-0.006329,0.02481,0.330438,0.039861,0.0,0.0,1.0,0.0,0.0,0.0,0.0,0.18422100000000002,0.05,0.6206213240962861,0.9904983333333334,1,1
2023-08-31 00:00:00+00:00,-0.12247,-0.244495,0.116546,-0.545364,-0.484035,0.884158,-0.550183,0.0,0.0,0.0,0.0,0.0,0.0,0.0,-0.25545547499999993,0.0,0.6071999040744632,0.090383,1,1
2023-09-01 00:00:00+00:00,-0.647707,0.347034,-0.462958,0.0,0.942671,0.279832,0.428546,0.0,0.0,0.0,0.0,1.0,0.0,0.0,0.409805775,0.4,0.3889171801527151,-0.6673059166666666,1,2
2023-09-05 00:00:00+00:00,-0.272393,-0.66934,0.341438,-2.055013,0.23606,0.296249,-0.71418,0.0,0.0,0.0,1.0,0.0,0.0,0.0,-0.5198229750000001,0.3,0.5264239507625711,0.3591226666666667,0,1
2023-09-06 00:00:00+00:00,-0.340539,-0.335799,-0.199924,-0.037545,0.184677,0.618274,0.117613,0.0,0.0,0.0,0.0,0.0,0.0,0.0,0.13432439999999998,0.0,0.37247623605986485,-0.5128420833333333,1,1
2023-09-07 00:00:00+00:00,-0.835737,-0.192369,-0.158644,-1.343688,0.591503,-0.751907,-1.131383,0.0,0.0,0.0,0.0,0.0,0.0,0.0,-0.36949525000000005,0.0,0.3826974828933941,0.26328541666666666,1,0
2023-09-08 00:00:00+00:00,0.027943,-0.144269,0.210071,0.0,0.470919,-1.164673,-0.180317,0.0,0.0,0.0,0.0,0.0,0.0,0.0,0.012246200000000002,0.0,0.37772556078697006,0.24976608333333333,1,1
2023-09-11 00:00:00+00:00,0.620752,0.137669,0.490479,-0.58027,0.890014,-0.426537,0.836137,0.0,0.0,0.0,0.0,1.0,0.0,0.0,0.20323537500000005,0.4,0.31938440907143384,0.23646399999999995,1,2
2023-09-12 00:00:00+00:00,0.517901,0.385574,0.250056,-0.389903,-0.015755,0.950516,-0.182004,0.0,0.0,0.0,0.0,0.0,0.0,0.0,0.045293975,0.0,0.22245493662351076,0.2937968333333333,1,0
2023-09-13 00:00:00+00:00,-0.348849,-0.540852,0.40817,-0.092478,0.384135,-0.213116,-0.445959,0.0,0.0,0.0,0.0,0.0,0.0,0.0,0.069811225,0.0,0.2148276659676159,-0.06865583333333333,1,1
2023-09-14 00:00:00+00:00,-0.417904,-0.391333,-0.019927,0.214886,0.164921,1.411284,0.111428,0.0,0.0,0.0,0.0,0.0,1.0,0.0,0.32647092499999997,0.15,0.13097522572768758,-0.75201775,1,2
2023-09-15 00:00:00+00:00,1.192098,0.966267,1.954559,0.747846,0.443961,1.10042,-0.281782,1.0,1.0,1.0,0.0,0.0,0.0,0.0,0.704599175,0.1,0.2679044593129157,0.8683634166666665,2,1
2023-09-18 00:00:00+00:00,0.959818,0.558296,0.499144,-1.387787,-0.292432,0.0,0.262688,0.0,0.0,0.0,0.0,0.0,0.0,0.0,-0.45726445000000004,0.0,0.42548194996164085,1.0268020833333333,0,1
2023-09-19 00:00:00+00:00,-1.391546,-1.047031,-0.758617,0.37154,0.0,-0.866308,-0.03103,1.0,1.0,0.0,0.0,0.0,0.0,0.0,-0.118930975,0.05,0.4404807500713207,-0.9342818333333334,1,0
2023-09-20 00:00:00+00:00,0.082186,-0.398291,0.095393,-0.619933,-1.151825,-0.658218,-0.524546,0.0,0.0,0.0,0.0,1.0,0.0,0.0,-0.774802875,0.4,0.592901193456075,0.6650598333333333,0,1
2023-09-21 00:00:00+00:00,0.668348,0.747611,0.933396,-1.28701,-0.799194,-1.370988,-0.767787,0.0,0.0,0.0,0.0,1.0,0.0,0.0,-0.8677493749999999,0.4,0.6353099024038749,1.8393630833333334,0,0
2023-09-22 00:00:00+00:00,-1.594509,-1.32895,-0.686784,2.277144,-0.344942,-0.517697,1.547345,1.0,1.0,0.0,1.0,0.0,0.0,1.0,0.43745342499999995,0.4,0.5322845773167467,-1.9438768333333334,2,2
2023-09-25 00:00:00+00:00,-0.403112,-0.093568,0.06902,-1.817312,0.001529,0.852433,-0.537121,0.0,0.0,0.0,0.0,0.0,0.0,0.0,-0.45253909999999997,0.0,0.5320645577651384,0.2325644166666667,0,1
2023-09-26 00:00:00+00:00,-0.848176,-0.975747,-0.779551,-1.479973,-0.050073,-1.112557,-0.427974,0.0,1.0,0.0,0.0,0.0,0.0,0.0,-0.736878975,0.025,0.5351901521688737,-0.10018041666666677,0,0
2023-09-27 00:00:00+00:00,-0.699898,-0.971213,0.022301,0.829963,0.263162,0.175923,0.162557,0.0,1.0,0.0,0.0,0.0,0.0,0.0,0.348107275,0.025,0.610311122965541,-0.9075045833333333,1,1
2023-09-28 00:00:00+00:00,-0.031524,-0.251837,-0.42619,-1.35613,-0.978363,-1.542637,0.101669,0.0,0.0,0.0,0.0,1.0,1.0,0.0,-1.052889825,0.55,0.6603939993339247,0.7073482500000001,0,1
2023-09-29 00:00:00+00:00,0.628556,0.696896,0.114572,2.513268,0.587752,-0.04675,0.0,0.0,0.0,0.0,1.0,0.0,0.0,0.0,1.0209336,0.3,0.8466587676775176,-0.2835595000000001,1,2
2023-10-02 00:00:00+00:00,0.264463,0.411656,0.081561,0.0,0.0,-0.306797,0.0,0.0,0.0,0.0,0.0,0.0,0.0,0.0,-0.025038525,0.0,0.8330571829183706,0.32925925,1,1
2023-10-03 00:00:00+00:00,-0.937622,-0.90579,-1.280213,-2.686404,-0.557842,-1.643399,0.0,0.0,0.0,1.0,1.0,0.0,1.0,0.0,-1.3856638,0.49999999999999994,0.9941257050480651,0.1807029166666667,0,0
2023-10-04 00:00:00+00:00,-1.006066,-1.062489,-0.539231,-0.781139,-0.474431,-2.276266,0.0,0.0,1.0,0.0,0.0,0.0,1.0,0.0,-0.8442294250000001,0.175,0.9667374893886731,0.01369700000000007,0,1
2023-10-05 00:00:00+00:00,-0.004571,0.097512,-0.772405,0.104847,0.564158,1.796707,0.0,0.0,0.0,0.0,0.0,0.0,1.0,0.0,0.490326625,0.15,0.9753884564334068,-0.842916,2,1
2023-10-06 00:00:00+00:00,0.021725,-0.196691,0.526138,1.580768,0.551271,-0.259657,0.0,0.0,0.0,0.0,0.0,0.0,0.0,0.0,0.6777229999999999,0.0,0.8798977965628277,-0.35103816666666665,1,0
2023-10-09 00:00:00+00:00,0.884505,1.058709,0.578408,0.179686,-0.718195,0.0,-0.435721,0.0,1.0,0.0,0.0,0.0,0.0,0.0,-0.17765750000000002,0.025,0.8741861564485582,1.0840981666666667,0,0
2023-10-10 00:00:00+00:00,-0.548855,-0.667503,-0.032022,0.84105,0.90968,2.42577,-0.700119,0.0,0.0,0.0,0.0,1.0,1.0,0.0,0.9130365,0.55,0.7164616588714184,-1.2852219166666667,2,1
2023-10-11 00:00:00+00:00,2.008578,1.952717,1.815221,1.292797,0.617069,0.598429,0.120838,1.0,1.0,1.0,0.0,0.0,0.0,0.0,0.9202663750000001,0.1,0.4519861756464678,1.2682220833333333,0,2
2023-10-12 00:00:00+00:00,-0.435889,0.236588,-0.107498,1.92874,-0.087574,1.747688,0.940086,0.0,0.0,0.0,0.0,0.0,1.0,1.0,0.842392475,0.2,0.4647392252600563,-1.2345013333333332,2,1
2023-10-13 00:00:00+00:00,-0.374133,-0.226258,0.325457,-2.328966,-0.216981,-0.549844,-0.637111,0.0,0.0,0.0,1.0,0.0,0.0,0.0,-0.8985512749999999,0.3,0.82423237827901,0.8415808333333332,0,1
2023-10-16 00:00:00+00:00,-1.421628,-1.545346,-0.591248,-0.971681,-0.09772,-2.032928,-0.46265,1.0,1.0,0.0,0.0,0.0,1.0,0.0,-0.76240075,0.19999999999999998,0.9451004480348688,-0.2948292499999998,0,1
2023-10-17 00:00:00+00:00,0.266439,0.337995,0.407916,0.753842,0.404171,1.204269,0.315146,0.0,0.0,0.0,0.0,0.0,0.0,0.0,0.6197252999999999,0.0,0.897932509373712,-0.33190699999999995,2,0
2023-10-18 00:00:00+00:00,0.10695,0.089908,0.58449,-0.229672,-0.708681,0.00612,-0.803958,0.0,0.0,0.0,0.0,0.0,0.0,0.0,-0.3575079500000001,0.0,0.7981607658257955,0.6944970833333333,0,0
2023-10-19 00:00:00+00:00,-0.906297,-1.027953,-1.136129,-2.462306,-0.235881,-1.908826,-1.743117,0.0,0.0,1.0,1.0,0.0,1.0,1.0,-1.3116866500000002,0.5499999999999999,0.7334449187163433,0.5640728333333336,0,2
2023-10-20 00:00:00+00:00,-0.640542,-0.329115,-1.166315,-0.715544,-0.41809,-0.544882,-0.743098,0.0,0.0,1.0,0.0,0.0,0.0,0.0,-0.583343575,0.05,0.7082598777600585,-0.10658716666666657,0,1
2023-10-23 00:00:00+00:00,-1.519206,-1.640126,-1.298752,0.0,-1.335031,-0.831139,-1.467253,1.0,1.0,1.0,0.0,1.0,0.0,1.0,-0.8759668,0.55,0.7213192287778963,-0.5776722499999999,0,1
2023-10-24 00:00:00+00:00,0.502478,0.015204,-0.368818,-1.051713,0.0,0.20258,0.780899,0.0,0.0,0.0,0.0,0.0,0.0,0.0,-0.2515808,0.0,0.4284385291248491,0.0666798333333333,1,2
2023-10-25 00:00:00+00:00,0.630317,0.535249,0.202045,0.552044,-0.827724,0.668238,0.400714,0.0,0.0,0.0,0.0,0.0,0.0,0.0,-0.005963600000000048,0.0,0.514063532029281,0.2575523333333334,1,0
2023-10-26 00:00:00+00:00,0.31072,0.082253,0.33289,-0.238337,-1.385306,-2.136688,0.476951,0.0,0.0,0.0,0.0,1.0,1.0,0.0,-0.895810325,0.55,0.3899385778794739,1.0627993333333332,0,0
2023-10-27 00:00:00+00:00,-0.377579,-1.081976,-0.805197,2.077613,1.00757,1.274142,0.986677,0.0,0.0,0.0,0.0,1.0,0.0,0.0,1.1900183250000003,0.4,0.8526986686488738,-2.0914178333333333,2,2
2023-10-30 00:00:00+00:00,-1.358406,-0.296243,-0.86069,0.043847,0.491674,-0.950992,0.124894,1.0,0.0,0.0,0.0,0.0,0.0,0.0,-0.010981124999999987,0.025,0.7553040584539277,-0.7658020833333333,1,2
2023-10-31 00:00:00+00:00,0.436914,0.198332,0.495112,-1.688342,-0.320261,0.527377,-0.092071,0.0,0.0,0.0,0.0,0.0,0.0,0.0,-0.51946725,0.0,0.786906851629385,0.77011025,0,1
2023-11-01 00:00:00+00:00,0.887611,0.637377,-0.077786,-0.062534,-0.474062,2.407092,0.142638,0.0,0.0,0.0,0.0,0.0,1.0,0.0,0.19404609999999997,0.15,0.794651555510014,-0.02088283333333335,1,1
2023-11-02 00:00:00+00:00,0.682288,0.762506,0.282717,0.7532,0.758852,1.101969,-0.452218,0.0,0.0,0.0,0.0,0.0,0.0,0.0,0.7224409499999999,0.0,0.6612288001284036,0.035386250000000063,2,2
2023-11-03 00:00:00+00:00,1.847207,1.47642,1.417794,2.516044,0.508798,0.0,0.710841,1.0,1.0,1.0,1.0,0.0,0.0,0.0,1.147854825,0.4,0.6474076130032606,0.6465529166666666,0,2
2023-11-06 00:00:00+00:00,-0.186808,0.30145,-0.386756,1.712345,0.94199,2.374311,0.911073,0.0,0.0,0.0,0.0,0.0,1.0,0.0,1.2757280500000001,0.15,0.73880205498054,-1.5756344166666667,2,1
2023-11-07 00:00:00+00:00,-0.479177,-0.350776,0.001343,-1.649894,-0.026019,-1.335006,-0.037303,0.0,0.0,0.0,0.0,0.0,0.0,0.0,-0.728173525,0.0,0.81707767281316,0.48585216666666664,0,1
2023-11-08 00:00:00+00:00,-0.392088,0.110134,-0.10515,-0.575542,0.189629,-0.326414,-0.160175,0.0,0.0,0.0,0.0,0.0,0.0,0.0,-0.16608820000000002,0.0,0.8675697586880863,0.08909083333333331,1,1
2023-11-09 00:00:00+00:00,0.686066,0.507898,-0.112008,-0.325423,-0.247894,1.492176,0.029682,0.0,0.0,0.0,0.0,0.0,0.0,0.0,0.05277469999999995,0.0,0.8667546427284715,0.12351675000000001,1,1
2023-11-10 00:00:00+00:00,1.130199,0.807247,0.729562,-1.759033,0.154928,-0.24,-0.468646,0.0,0.0,0.0,0.0,0.0,0.0,0.0,-0.4402567499999999,0.0,0.7716715569687356,1.4671904166666667,0,2
2023-11-13 00:00:00+00:00,-0.964625,-0.769582,-1.275535,1.295982,0.093698,0.052198,0.248867,0.0,0.0,1.0,0.0,0.0,0.0,0.0,0.33941492500000003,0.05,0.4159443792669738,-1.4259335833333333,2,1
2023-11-14 00:00:00+00:00,0.596448,0.726057,0.885793,-0.168433,0.0,0.340095,0.313048,0.0,0.0,0.0,0.0,0.0,0.0,0.0,0.093489025,0.0,0.2937801401460815,0.6149218333333333,1,2
2023-11-15 00:00:00+00:00,1.391552,1.755814,0.197961,3.921056,1.192675,2.519486,0.548577,1.0,1.0,0.0,1.0,1.0,1.0,0.0,2.14732075,0.9,0.9962324278931679,-0.9303394999999999,2,2
2023-11-16 00:00:00+00:00,0.333019,0.856517,0.623613,-1.361689,0.456152,-0.284278,-0.712988,0.0,0.0,0.0,0.0,0.0,0.0,0.0,-0.2434179499999999,0.0,1.0330327942872362,1.08008375,0,1
2023-11-17 00:00:00+00:00,-0.571598,0.244095,-1.013769,-2.123225,-0.168976,0.481053,0.112887,0.0,0.0,0.0,0.0,0.0,0.0,0.0,-0.685631625,0.0,1.0861625404822481,-0.02252541666666663,0,1
2023-11-20 00:00:00+00:00,0.913876,0.839634,1.258937,1.855605,-0.191573,-0.587068,0.456689,0.0,0.0,1.0,0.0,0.0,0.0,0.0,0.52161115,0.05,1.0895982878064008,0.62073575,0,1
2023-11-21 00:00:00+00:00,0.179986,-0.112004,-0.105272,-0.248507,0.453947,-0.101505,-0.01258,0.0,0.0,0.0,0.0,0.0,0.0,0.0,0.08760790000000002,0.0,1.0899700292227734,-0.03526875,1,0
2023-11-22 00:00:00+00:00,-0.241205,-0.00503,-0.192091,0.003998,0.143803,0.29288,-0.792782,0.0,0.0,0.0,0.0,0.0,0.0,0.0,0.047253074999999964,0.0,0.4462257050463296,-0.05808341666666665,1,2
2023-11-24 00:00:00+00:00,0.432672,0.360303,-0.167068,-1.962052,-0.036869,0.519263,-0.682071,0.0,0.0,0.0,0.0,0.0,0.0,0.0,-0.5481063249999998,0.0,0.49644997008920566,0.7490679166666666,0,1
2023-11-27 00:00:00+00:00,0.204311,0.21732,0.061469,-0.195675,0.0,-0.528941,-0.304902,0.0,0.0,0.0,0.0,0.0,0.0,0.0,-0.139674525,0.0,0.3878529548135767,0.41841283333333334,1,1
2023-11-28 00:00:00+00:00,-0.374473,-0.393775,-0.367244,-0.975289,0.479926,-0.117441,0.225949,0.0,0.0,0.0,0.0,0.0,0.0,0.0,-0.14450339999999995,0.0,0.25171357799471517,-0.2817835833333333,1,1
2023-11-29 00:00:00+00:00,-0.211415,0.16472,-0.07372,-2.078473,1.040239,-0.260928,-0.55497,0.0,0.0,0.0,0.0,1.0,0.0,0.0,-0.27918737499999985,0.4,0.22049771431588072,0.42339466666666664,1,2
2023-11-30 00:00:00+00:00,0.241516,1.086625,-0.425209,0.290944,0.181875,0.497196,0.264292,0.0,1.0,0.0,0.0,0.0,0.0,0.0,0.259770275,0.025,0.2920436171469885,-0.007599416666666636,1,1
2023-12-01 00:00:00+00:00,0.593451,0.30297,0.408161,-1.247325,0.669294,-0.165375,0.064789,0.0,0.0,0.0,0.0,0.0,0.0,0.0,-0.08522812500000002,0.0,0.20176938356349922,0.6045149166666666,1,1
2023-12-04 00:00:00+00:00,0.483942,1.122942,1.014249,-1.094752,2.066817,-0.598962,-0.287697,0.0,1.0,1.0,0.0,1.0,0.0,0.0,0.4849566,0.47500000000000003,0.3152907688564745,0.8523595,1,0
2023-12-05 00:00:00+00:00,-0.184587,0.044154,-0.217812,-1.911507,0.813557,-1.370544,-1.674482,0.0,0.0,0.0,0.0,0.0,0.0,1.0,-0.551736425,0.05,0.41424892770708144,0.916329,0,0
2023-12-06 00:00:00+00:00,0.741899,0.782392,-0.308801,0.829254,0.396064,2.044428,-0.113138,0.0,0.0,0.0,0.0,0.0,1.0,0.0,0.7308763250000001,0.15,0.5019605714124167,-0.38398866666666664,2,2
2023-12-07 00:00:00+00:00,0.663328,0.745958,0.341799,-0.712921,-0.17456,-1.756837,-0.091853,0.0,0.0,0.0,0.0,0.0,1.0,0.0,-0.49949639999999995,0.15,0.5764713119101824,1.2677377500000002,0,2
2023-12-08 00:00:00+00:00,-0.10046,-0.164796,-0.022616,-0.070474,0.326537,-1.675221,0.113041,0.0,0.0,0.0,0.0,0.0,0.0,0.0,-0.1439207,0.0,0.5796336090552094,0.23057191666666665,1,0
2023-12-11 00:00:00+00:00,1.319641,0.783153,0.543005,-0.813499,0.132094,1.497906,0.736806,1.0,0.0,0.0,0.0,0.0,0.0,0.0,0.1500342,0.025,0.5271535912754985,0.49360625000000014,1,1
2023-12-12 00:00:00+00:00,0.331892,0.210087,-0.127078,1.067863,-0.431961,0.158267,0.401112,0.0,0.0,0.0,0.0,0.0,0.0,0.0,0.19856572500000003,0.0,0.4550546988554433,-0.16051991666666668,1,1
2023-12-13 00:00:00+00:00,-0.105674,-0.016014,-0.027835,-0.890104,0.095422,0.251654,-1.154577,0.0,0.0,0.0,0.0,0.0,0.0,1.0,-0.2532771,0.05,0.28992078760532386,0.37456025,1,1
2023-12-14 00:00:00+00:00,-0.163445,-0.152989,0.074244,1.068717,1.225009,-0.729208,-0.329259,0.0,0.0,0.0,0.0,1.0,0.0,0.0,0.6805759000000001,0.4,0.3640416790807035,-0.38954475000000005,1,1
2023-12-15 00:00:00+00:00,0.592598,-0.08243,1.332734,2.377731,1.293278,0.869787,-0.555231,0.0,0.0,1.0,1.0,1.0,0.0,0.0,1.4127279,0.75,0.6377801878520364,-0.38209058333333334,2,1
2023-12-18 00:00:00+00:00,0.277989,-0.004722,-0.949145,-0.970445,-0.177101,-0.641695,-0.399545,0.0,0.0,1.0,0.0,0.0,0.0,0.0,-0.518830975,0.05,0.7697096724198487,0.3219038333333333,0,1
2023-12-19 00:00:00+00:00,-0.369233,-0.602269,0.502879,-0.747061,0.160837,1.405447,0.054288,0.0,0.0,0.0,0.0,0.0,0.0,0.0,0.05460435000000001,0.0,0.7772925785809435,-0.37458541666666667,1,1
2023-12-20 00:00:00+00:00,0.076763,0.563701,0.308622,0.659258,-1.412147,1.37435,-1.032639,0.0,0.0,0.0,0.0,1.0,0.0,1.0,-0.18111815000000003,0.45,0.765610476580825,0.41915650000000004,1,1
2023-12-21 00:00:00+00:00,0.115652,-0.06784,1.017285,0.044062,0.495979,-1.590075,0.572169,0.0,0.0,1.0,0.0,0.0,1.0,0.0,0.05376695000000002,0.2,0.7363430781799427,0.4744985833333333,0,2
2023-12-22 00:00:00+00:00,-0.158639,-0.272699,-0.272172,-1.688939,0.443893,0.086245,-0.134997,0.0,0.0,0.0,0.0,0.0,0.0,0.0,-0.3473296500000001,0.0,0.2510927723357891,0.08894616666666663,1,1
2023-12-26 00:00:00+00:00,-0.034077,0.112419,0.036386,0.0,0.430688,0.155832,-0.682918,0.0,0.0,0.0,0.0,0.0,0.0,0.0,0.16528195,0.0,0.20835562173461808,0.06234216666666667,1,1
2023-12-27 00:00:00+00:00,0.0,0.0,0.0,1.740652,0.995275,1.127089,0.542766,0.0,0.0,0.0,0.0,1.0,0.0,0.0,1.1165072500000002,0.4,0.5700777007372141,-1.1014455,2,1
2023-12-28 00:00:00+00:00,0.039636,0.214834,0.357259,2.518457,0.572388,-0.420463,1.375485,0.0,0.0,0.0,1.0,0.0,0.0,1.0,1.0144218,0.35,0.6372532617799026,-0.8075570833333334,2,1
2023-12-29 00:00:00+00:00,-0.484159,-0.242022,-0.029771,0.022656,-0.217179,-0.224955,0.684703,0.0,0.0,0.0,0.0,0.0,0.0,0.0,-0.09922597500000002,0.0,0.6612860253408124,-0.31829025,1,1
2024-01-02 00:00:00+00:00,0.106435,0.299911,0.135963,-1.518355,-0.350014,0.0,-0.425528,0.0,0.0,0.0,0.0,0.0,0.0,0.0,-0.5998316999999999,0.0,0.7352588429154613,0.7542439166666666,0,0
2024-01-03 00:00:00+00:00,-0.16333,0.105773,-0.151298,-0.846652,-0.685187,0.0,0.167817,0.0,0.0,0.0,0.0,0.0,0.0,0.0,-0.5286833750000001,0.0,0.8309091840252505,0.2713871666666666,0,0
2024-01-04 00:00:00+00:00,-1.580165,-1.377326,-0.507676,-0.002581,0.656447,-0.525585,-0.434677,1.0,1.0,0.0,0.0,0.0,0.0,0.0,0.061911825000000004,0.05,0.6475820014025387,-1.0784566666666666,1,0
2024-01-05 00:00:00+00:00,0.523081,0.477062,0.531095,-0.664727,0.241018,0.26776,-0.851937,0.0,0.0,0.0,0.0,0.0,0.0,0.0,-0.05388542499999998,0.0,0.2993100069569849,0.7623841666666668,1,1
2024-01-08 00:00:00+00:00,-0.401844,-0.13888,-0.433764,-1.880095,-0.911071,0.0,-1.421621,0.0,0.0,0.0,1.0,0.0,0.0,1.0,-1.03474425,0.35,0.44377098911934165,0.7283674166666668,0,1
2024-01-09 00:00:00+00:00,0.398215,0.736762,0.059822,-0.212215,0.148048,1.155745,0.197813,0.0,0.0,0.0,0.0,0.0,0.0,0.0,0.210172625,0.0,0.5097016338161857,0.0759185833333334,1,0
2024-01-10 00:00:00+00:00,-0.317038,-0.168165,-0.13257,-0.572817,0.342772,2.009701,-0.537392,0.0,0.0,0.0,0.0,0.0,1.0,0.0,0.22109067500000001,0.15,0.5243025773965292,-0.5164903333333333,1,1
2024-01-11 00:00:00+00:00,-0.007272,0.008696,-0.419055,1.272015,0.13183,1.765709,0.310942,0.0,0.0,0.0,0.0,0.0,1.0,0.0,0.6938228000000001,0.15,0.641828868239418,-1.0093343333333333,2,1
2024-01-12 00:00:00+00:00,-0.517904,-0.8555,-0.982771,-0.352471,1.142649,1.504286,-0.161878,0.0,1.0,1.0,0.0,1.0,0.0,0.0,0.48539364999999995,0.47500000000000003,0.6735079958410974,-1.3185381666666665,1,1
2024-01-16 00:00:00+00:00,1.049323,0.952021,0.637487,-2.160847,-0.294823,-0.787174,0.266743,1.0,1.0,0.0,1.0,0.0,0.0,0.0,-0.7890143,0.35000000000000003,0.5695685122589083,1.6236355833333334,0,1
2024-01-17 00:00:00+00:00,-0.184576,-0.304057,-0.481904,-3.712483,-2.089439,-0.39706,-2.086187,0.0,0.0,0.0,1.0,1.0,0.0,1.0,-2.1496998749999996,0.75,1.176466322054495,1.7477799166666665,0,0
2024-01-18 00:00:00+00:00,-1.072047,-0.844756,-1.481815,0.752048,-0.508527,-0.032635,0.429312,1.0,1.0,1.0,0.0,0.0,0.0,0.0,-0.08323687500000002,0.1,1.1498417725487322,-1.2929221666666666,2,2
2024-01-19 00:00:00+00:00,1.129439,0.825601,0.171901,-0.539896,0.746196,1.401611,-0.474421,1.0,1.0,0.0,0.0,0.0,1.0,0.0,0.38050124999999996,0.19999999999999998,1.0841303044215478,0.4256078333333334,2,2
2024-01-22 00:00:00+00:00,-0.401413,-0.073752,0.037535,-2.270023,0.0,1.622988,-2.681196,0.0,0.0,0.0,1.0,0.0,1.0,1.0,-0.581620875,0.49999999999999994,0.9560476745196402,0.6861810833333333,0,2
2024-01-23 00:00:00+00:00,0.564459,0.774555,0.34576,2.625467,-1.774084,-0.080387,0.530993,0.0,1.0,0.0,1.0,1.0,0.0,0.0,0.14326144999999987,0.725,1.0102199684718547,0.23609408333333332,1,1
2024-01-24 00:00:00+00:00,-0.340066,-0.337279,-0.02671,3.555362,1.012997,-0.797123,1.797053,0.0,0.0,0.0,1.0,0.0,0.0,1.0,1.4238224750000001,0.35,0.7430862626318934,-1.62675725,2,2
2024-01-25 00:00:00+00:00,0.914994,1.580734,0.56107,1.962845,-0.472405,0.027572,3.025304,1.0,1.0,0.0,0.0,0.0,0.0,1.0,0.6457392,0.1,0.7311715337205067,-0.11689633333333327,1,2
2024-01-26 00:00:00+00:00,0.114813,0.100652,0.026569,-1.602086,0.0,-1.33953,0.141564,0.0,0.0,0.0,0.0,0.0,0.0,0.0,-0.6677620249999999,0.0,0.8751169848406225,0.780691,0,0
2024-01-29 00:00:00+00:00,2.276733,0.32218,1.399789,0.783651,1.803059,0.771644,-0.923049,1.0,0.0,1.0,0.0,1.0,0.0,0.0,1.1608753250000003,0.47500000000000003,0.8357470689128254,0.7240744166666668,2,1
2024-01-30 00:00:00+00:00,0.08737,-0.116026,-0.031432,-2.324964,-0.99137,0.108025,-1.832342,0.0,0.0,0.0,0.0,0.0,0.0,1.0,-1.17173855,0.05,1.1427836189361826,1.2401334166666667,0,1
2024-01-31 00:00:00+00:00,0.479794,0.18079,0.440206,-1.390649,0.946003,0.612356,-1.483081,0.0,0.0,0.0,0.0,0.0,0.0,0.0,0.017430750000000064,0.0,0.9465389643306671,0.6957727499999999,0,0
2024-02-01 00:00:00+00:00,-0.269883,-0.40407,-0.465671,0.523986,-0.13003,-0.758542,-0.638616,0.0,0.0,0.0,0.0,0.0,0.0,0.0,-0.08066067500000003,0.0,0.8751069973415057,-0.12907416666666666,1,2
2024-02-02 00:00:00+00:00,-0.888105,-0.264561,-0.110082,-0.209752,0.720599,0.406978,-1.464875,0.0,0.0,0.0,0.0,0.0,0.0,0.0,0.17879619999999996,0.0,0.8302391614296449,-0.28415350000000006,1,2
2024-02-05 00:00:00+00:00,0.04625,0.35098,-0.087904,-0.151606,-0.375686,0.542454,-1.024377,0.0,0.0,0.0,0.0,0.0,0.0,0.0,-0.16007140000000003,0.0,0.5342102591513153,0.35541241666666673,1,1
2024-02-06 00:00:00+00:00,-0.030291,-0.08364,-0.034142,4.04165,0.72434,-0.532264,3.230757,0.0,0.0,0.0,1.0,0.0,0.0,1.0,1.579373875,0.35,0.7224365596467047,-1.9154784166666665,2,1
2024-02-07 00:00:00+00:00,0.645725,0.764193,0.894536,-0.340713,0.005014,-0.112659,1.441483,0.0,0.0,1.0,0.0,0.0,0.0,0.0,0.03494175000000002,0.05,0.7207224264596368,0.5198700833333334,1,2
2024-02-08 00:00:00+00:00,-0.362751,-0.653307,-0.679602,-1.267384,-0.969202,2.058032,1.279538,0.0,0.0,0.0,0.0,0.0,1.0,0.0,-0.4545958500000002,0.15,0.7877411949247448,-0.8404659999999999,0,1
2024-02-09 00:00:00+00:00,0.714338,0.247425,-0.436501,-0.828125,0.297223,0.092614,0.0,0.0,0.0,0.0,0.0,0.0,0.0,0.0,-0.11343717499999995,0.0,0.8036972280236659,0.2846593333333334,1,1
2024-02-12 00:00:00+00:00,-0.236248,-0.220057,-0.301493,0.0,-0.764142,0.0,0.0,0.0,0.0,0.0,0.0,0.0,0.0,0.0,-0.33213907500000006,0.0,0.8251491248127207,-0.061563833333333345,1,1
2024-02-13 00:00:00+00:00,0.552856,0.654888,0.014527,0.0,0.588448,2.890573,0.0,0.0,0.0,0.0,0.0,0.0,1.0,0.0,0.6998850999999999,0.15,0.45150692503179346,-0.4623315833333333,2,0
2024-02-14 00:00:00+00:00,-0.83864,-0.918685,-0.810705,0.843356,0.445199,-0.686568,0.0,0.0,0.0,0.0,0.0,0.0,0.0,0.0,0.24363282499999997,0.0,0.4686848832535585,-1.00650675,2,2
2024-02-15 00:00:00+00:00,0.682465,0.382981,0.746777,0.41091,0.323714,1.205785,0.0,0.0,0.0,0.0,0.0,0.0,0.0,0.0,0.49760135000000005,0.0,0.4247841760912134,0.1189720833333332,2,1
2024-02-16 00:00:00+00:00,0.860581,0.597262,0.384495,2.479393,0.593084,0.862984,0.0,0.0,0.0,0.0,0.0,0.0,0.0,0.0,1.166169925,0.0,0.5549347373791393,-0.3697525833333334,2,1
2024-02-20 00:00:00+00:00,0.319759,0.415037,1.503129,0.568839,0.337666,-0.277537,0.418686,0.0,0.0,1.0,0.0,0.0,0.0,0.0,0.3785482,0.05,0.35951677568346985,0.4840614999999999,1,0
2024-02-21 00:00:00+00:00,0.343313,-0.13942,-0.120331,1.573102,-0.63927,-0.264441,0.965743,0.0,0.0,0.0,0.0,0.0,0.0,0.0,0.22392437499999995,0.0,0.38744710336200233,-0.38092950000000003,1,0
2024-02-22 00:00:00+00:00,0.21641,0.291119,-0.734535,1.453361,0.736332,2.186284,1.267449,0.0,0.0,0.0,0.0,0.0,1.0,0.0,1.097817625,0.15,0.43093557499455803,-1.4865251666666666,2,2
2024-02-23 00:00:00+00:00,1.273798,1.474053,0.287113,-0.102072,-0.02138,0.0,0.552919,1.0,1.0,0.0,0.0,0.0,0.0,0.0,0.071524275,0.05,0.5092548360504732,0.9042879166666666,1,1
2024-02-26 00:00:00+00:00,0.696194,0.281402,0.283685,-0.54478,-0.408093,0.34536,-0.927129,0.0,0.0,0.0,0.0,0.0,0.0,0.0,-0.2825995,0.0,0.5099191980512066,0.8040874999999998,1,1
2024-02-27 00:00:00+00:00,-0.462681,0.022391,-0.285481,0.93816,0.344899,0.014805,1.291861,0.0,0.0,0.0,0.0,0.0,0.0,0.0,0.46094009999999996,0.0,0.514490039911588,-0.8893549166666667,2,1
2024-02-28 00:00:00+00:00,0.234306,0.76484,-0.016915,-1.512442,-1.113593,-0.080246,-1.911102,0.0,0.0,0.0,0.0,0.0,0.0,0.0,-0.9826289000000001,0.0,0.7812736783297898,1.4817560833333334,0,0
2024-02-29 00:00:00+00:00,0.075364,0.25478,-0.754913,-0.153658,0.144186,-0.106712,1.937854,0.0,0.0,0.0,0.0,0.0,0.0,0.0,0.06297085000000002,0.0,0.542504442081398,-0.5970071666666666,1,2
2024-03-01 00:00:00+00:00,-0.338932,0.437292,0.065574,0.4724,1.619217,1.901203,0.392983,0.0,0.0,0.0,0.0,1.0,1.0,0.0,1.0999741,0.55,0.7819957222399306,-1.0418060833333331,2,1
2024-03-04 00:00:00+00:00,0.085018,0.321757,0.688073,0.03937,0.299254,0.497134,0.405874,0.0,0.0,0.0,0.0,0.0,0.0,0.0,0.27094942499999997,0.0,0.7581100626260365,0.05454133333333333,1,1
2024-03-05 00:00:00+00:00,0.28031,-0.106571,-0.549303,-2.611062,-0.220029,-0.028925,0.279243,0.0,0.0,0.0,1.0,0.0,0.0,0.0,-0.884828475,0.3,0.8657666472295873,0.52000525,0,0
2024-03-06 00:00:00+00:00,-0.296495,-0.100301,0.077227,1.70424,0.526697,-0.017077,-0.257959,0.0,0.0,0.0,0.0,0.0,0.0,0.0,0.7004327499999998,0.0,0.7497666356442902,-0.59549825,2,2
2024-03-07 00:00:00+00:00,0.276326,0.103459,0.43289,-1.267237,0.086767,-1.22739,-0.412181,0.0,0.0,0.0,0.0,0.0,0.0,0.0,-0.519042725,0.0,0.8272215791926532,0.9759019166666667,0,2
2024-03-08 00:00:00+00:00,0.772872,0.711976,0.171893,0.761621,0.0,0.227862,0.614988,0.0,1.0,0.0,0.0,0.0,0.0,0.0,0.33913085,0.025,0.6575737586728474,0.15112925000000005,1,1
2024-03-11 00:00:00+00:00,0.147071,-0.15883,-0.426387,1.432001,-0.715318,-2.188149,0.736569,0.0,0.0,0.0,0.0,0.0,1.0,0.0,-0.16953412500000004,0.15,0.6382959684405621,0.03767558333333332,1,1
2024-03-12 00:00:00+00:00,-0.103136,-0.38306,0.124026,3.050053,0.013652,-0.059187,-0.408024,0.0,0.0,0.0,1.0,0.0,0.0,0.0,0.88524385,0.3,0.5877427998914198,-0.7698468333333333,2,2
2024-03-13 00:00:00+00:00,0.844792,1.23316,1.024874,-0.066637,-1.513273,-0.261725,-0.395954,1.0,1.0,1.0,0.0,1.0,0.0,0.0,-0.5811642500000002,0.5,0.6193048200861594,1.5936725833333334,0,1
2024-03-14 00:00:00+00:00,0.619477,-0.020754,0.314933,-0.705119,0.677122,0.287912,-0.184014,0.0,0.0,0.0,0.0,0.0,0.0,0.0,0.12401392499999997,0.0,0.549793788389579,0.28557675000000005,1,1
2024-03-15 00:00:00+00:00,0.29296,-0.107685,-0.373125,-1.419493,-0.556747,-0.257009,0.539856,0.0,0.0,0.0,0.0,0.0,0.0,0.0,-0.674129625,0.0,0.6295714537476427,0.3607315833333333,0,0
2024-03-18 00:00:00+00:00,0.035903,-0.030034,-0.204054,0.097055,0.146888,2.668209,0.991609,0.0,0.0,0.0,0.0,0.0,1.0,0.0,0.527627525,0.15,0.680766263733081,-1.0420019166666667,1,2
2024-03-19 00:00:00+00:00,-0.198546,-0.022137,-0.062114,-1.240588,-1.08022,0.662197,-0.718653,0.0,0.0,0.0,0.0,1.0,0.0,0.0,-0.7494902750000001,0.4,0.5660188898171145,0.5000503333333334,0,0
2024-03-20 00:00:00+00:00,0.649347,0.305646,0.203296,0.082216,0.099234,0.0,0.552768,0.0,0.0,0.0,0.0,0.0,0.0,0.0,0.126036425,0.0,0.5573135658783912,0.2025418333333333,1,1
2024-03-21 00:00:00+00:00,-0.483348,0.153666,-0.011629,1.934522,0.791469,2.029964,-0.083547,0.0,0.0,0.0,1.0,0.0,1.0,0.0,1.18843795,0.44999999999999996,0.819728877941065,-1.2818723333333333,2,2
2024-03-22 00:00:00+00:00,0.224349,0.911007,1.876602,-2.156359,0.385249,0.178288,-0.945012,0.0,1.0,1.0,1.0,0.0,0.0,0.0,-0.39110149999999994,0.375,0.7620586445758252,1.6384445,1,1
2024-03-25 00:00:00+00:00,-0.339869,0.146813,0.61274,-0.156551,0.0,-1.160007,-0.712854,0.0,0.0,0.0,0.0,0.0,0.0,0.0,-0.23079845000000002,0.0,0.7408755021552222,0.6472476666666667,0,0
2024-03-26 00:00:00+00:00,-0.003923,0.304138,-0.167696,0.87825,-0.416581,-0.039812,0.171002,0.0,0.0,0.0,0.0,0.0,0.0,0.0,0.09854147499999995,0.0,0.6162458515276784,-0.10404175000000002,1,1
2024-03-27 00:00:00+00:00,0.406667,0.673769,0.169242,-1.356819,0.540572,0.902765,-1.264796,0.0,1.0,0.0,0.0,0.0,0.0,0.0,-0.08316894999999998,0.025,0.6260025146800574,0.7111288333333332,1,2
2024-03-28 00:00:00+00:00,0.245085,0.504452,0.012609,0.906372,0.9187,-1.458833,0.585511,0.0,0.0,0.0,0.0,0.0,0.0,0.0,0.4692110749999999,0.0,0.33137730809123206,0.016111166666666676,1,1
2024-04-01 00:00:00+00:00,0.012188,0.083349,0.259709,0.0,0.605098,-1.402921,1.190724,0.0,0.0,0.0,0.0,0.0,0.0,0.0,0.10651112499999998,0.0,0.2624101715622752,0.020190083333333372,1,1
2024-04-02 00:00:00+00:00,0.0,0.0,0.0,2.35832,-0.038729,0.089994,-0.078636,0.0,0.0,0.0,1.0,0.0,0.0,0.0,0.7015716999999999,0.3,0.31864427743456264,-0.58273725,2,0
2024-04-03 00:00:00+00:00,-0.923245,-1.132132,-0.220054,-1.219146,-0.083063,-0.971559,-0.184168,1.0,1.0,0.0,0.0,0.0,0.0,0.0,-0.6162983750000001,0.05,0.5108009773896416,-0.14399299999999993,0,1
2024-04-04 00:00:00+00:00,0.285117,0.462666,0.028983,0.0,0.356591,0.814383,0.0,0.0,0.0,0.0,0.0,0.0,0.0,0.0,0.284937575,0.0,0.5014383625211963,-0.03382149999999995,1,2
2024-04-05 00:00:00+00:00,-0.020607,0.192785,0.485045,-0.007053,-0.004225,-1.963794,0.0,0.0,0.0,0.0,0.0,0.0,1.0,0.0,-0.26981829999999996,0.15,0.507149056835201,0.7128423333333334,0,1
2024-04-08 00:00:00+00:00,-1.107026,-1.239418,-0.81119,0.053395,0.677816,0.910341,-0.724691,1.0,1.0,1.0,0.0,0.0,0.0,0.0,0.2882409000000001,0.1,0.5193489893363386,-1.2817599166666667,1,1
2024-04-09 00:00:00+00:00,0.719359,0.791919,0.408279,0.569064,-0.103902,1.082902,0.048707,1.0,1.0,0.0,0.0,0.0,0.0,0.0,0.35222495,0.05,0.430305579146859,0.24065958333333332,2,2
2024-04-10 00:00:00+00:00,-0.863743,-1.32257,-0.109526,1.848694,0.490447,-0.481029,-0.695486,1.0,1.0,0.0,0.0,0.0,0.0,0.0,0.5837242249999999,0.05,0.3141229879957427,-1.0559361666666667,2,0
2024-04-11 00:00:00+00:00,-0.047086,0.114022,0.332717,-0.257542,0.0,-0.351625,0.228291,0.0,0.0,0.0,0.0,0.0,0.0,0.0,-0.10028254999999998,0.0,0.34815371127002936,0.22843666666666665,1,2
2024-04-12 00:00:00+00:00,-0.26897,-0.78918,-0.469783,-2.183909,-1.030159,0.205163,-0.486842,0.0,0.0,0.0,1.0,1.0,0.0,0.0,-1.11074685,0.7,0.6692644687702577,0.36462574999999997,0,0
2024-04-15 00:00:00+00:00,-0.160899,-0.134563,0.906135,-0.724978,-1.09639,-0.735637,1.255312,0.0,0.0,1.0,0.0,1.0,0.0,1.0,-0.66570915,0.5,0.7026313549161048,0.5289809166666667,0,2
2024-04-16 00:00:00+00:00,0.427918,0.536855,-0.376458,-2.117358,-0.559433,-1.941237,-1.645522,0.0,0.0,0.0,1.0,0.0,1.0,1.0,-1.227145825,0.49999999999999994,0.7522239090441033,1.7619924999999999,0,1
2024-04-17 00:00:00+00:00,-1.398365,-1.444254,-1.821607,0.017663,0.0,-1.324103,2.138727,1.0,1.0,1.0,0.0,0.0,0.0,1.0,-0.248526025,0.15,0.5017232279665721,-1.76281375,2,2
2024-04-18 00:00:00+00:00,0.616442,0.021327,0.352924,0.824702,-0.686525,0.310571,0.092597,0.0,0.0,0.0,0.0,0.0,0.0,0.0,0.057606524999999985,0.0,0.5492960291688221,0.19489475,1,1
2024-04-19 00:00:00+00:00,0.523084,0.379183,0.370796,-0.987006,0.687177,-2.655871,-0.291589,0.0,0.0,0.0,0.0,0.0,1.0,0.0,-0.3930946249999999,0.15,0.48520266938942636,1.2361765833333334,1,1
2024-04-22 00:00:00+00:00,-0.010589,-0.56085,0.238664,1.772358,0.855197,0.998852,-0.674201,0.0,0.0,0.0,0.0,0.0,0.0,0.0,0.9875511750000001,0.0,0.800794136660013,-0.8489765,2,2
2024-04-23 00:00:00+00:00,0.223745,0.69594,1.621095,1.921307,0.141471,0.303299,-0.742856,0.0,0.0,1.0,1.0,0.0,0.0,0.0,0.7453794249999999,0.35,0.6096009100593475,0.44112141666666654,0,2
2024-04-24 00:00:00+00:00,0.813644,1.55004,0.260471,2.212499,0.153793,2.417752,0.755929,0.0,1.0,0.0,1.0,0.0,1.0,0.0,1.1978418000000002,0.475,0.6664110151861363,-0.5102749166666666,2,2
2024-04-25 00:00:00+00:00,-0.171728,-0.269887,-0.054693,0.484089,0.749693,-2.162236,0.265299,0.0,0.0,0.0,0.0,0.0,1.0,0.0,0.120258425,0.15,0.6560741750400221,0.000352749999999985,1,0
2024-04-26 00:00:00+00:00,-0.929452,-0.947663,0.478832,2.121036,-0.666363,0.813961,1.170562,1.0,0.0,0.0,1.0,0.0,0.0,0.0,0.5274015750000001,0.325,0.4175079670217411,-1.3258933333333334,2,2
2024-04-29 00:00:00+00:00,0.893021,1.36031,0.753814,0.542513,0.996662,0.0,0.790219,1.0,1.0,0.0,0.0,1.0,0.0,0.0,0.694953625,0.45000000000000007,0.3894381798637353,0.4200331666666667,1,2
2024-04-30 00:00:00+00:00,-0.28548,-0.235061,0.088457,0.090828,-0.170252,1.241338,-0.263987,0.0,0.0,0.0,0.0,0.0,0.0,0.0,0.123558275,0.0,0.44896349444785794,-0.36850974999999997,1,1
2024-05-01 00:00:00+00:00,-0.994646,-1.027415,-0.035595,0.0,0.0,-0.342682,0.0,1.0,0.0,0.0,0.0,0.0,0.0,0.0,-0.103733575,0.025,0.3280071321687011,-0.6002148333333334,1,1
2024-05-02 00:00:00+00:00,0.0,0.0,-0.281184,2.500145,0.191771,-0.099233,0.0,0.0,0.0,0.0,1.0,0.0,0.0,0.0,0.7978077499999999,0.3,0.3844891245685573,-0.7418987499999999,2,2
2024-05-03 00:00:00+00:00,-0.880161,-0.198916,0.627986,1.476285,-0.760986,0.0,0.0,0.0,0.0,0.0,0.0,0.0,0.0,0.0,0.14291347499999993,0.0,0.39299286192326083,-0.32918841666666665,1,2
2024-05-06 00:00:00+00:00,0.542285,0.587263,0.505369,0.554131,-0.147493,0.0,1.156104,0.0,0.0,0.0,0.0,0.0,0.0,0.0,0.21855445,0.0,0.3363997911524747,0.15428683333333337,1,1
2024-05-07 00:00:00+00:00,0.490983,0.964422,0.0,-0.532512,-0.624699,1.566665,0.223454,0.0,0.0,0.0,0.0,0.0,0.0,0.0,-0.12707562500000003,0.0,0.37389383015875044,0.32690800000000003,1,1
2024-05-08 00:00:00+00:00,0.988416,1.402129,1.219945,-0.895646,0.0,-1.629275,-0.611806,1.0,1.0,1.0,0.0,0.0,0.0,0.0,-0.42291447499999985,0.1,0.4542704591332501,1.9876784166666668,0,0
2024-05-09 00:00:00+00:00,0.690096,0.370754,0.485938,1.222851,-1.546912,-0.33608,0.825963,0.0,0.0,0.0,0.0,1.0,0.0,0.0,-0.2102052000000002,0.4,0.2624808082399787,0.4741405000000001,0,1
2024-05-10 00:00:00+00:00,0.691636,1.017488,0.326795,2.2973,0.444947,0.407441,0.007198,0.0,0.0,0.0,1.0,0.0,0.0,0.0,0.9877127,0.3,0.5528873076912597,-0.11058183333333327,1,1
2024-05-13 00:00:00+00:00,0.384601,0.461561,0.625187,0.798267,0.221497,-0.129871,-0.20688,0.0,0.0,0.0,0.0,0.0,0.0,0.0,0.35066764999999994,0.0,0.5636656104974525,0.3196964166666667,1,1
2024-05-14 00:00:00+00:00,-0.119956,-0.163155,-0.22291,-0.21632,0.514832,0.462546,-0.07138,0.0,0.0,0.0,0.0,0.0,0.0,0.0,0.18862642500000001,0.0,0.5471197667029638,-0.34109316666666667,1,1
2024-05-15 00:00:00+00:00,0.20123,-0.137661,0.15567,0.0,-0.07786,0.077359,-0.822431,0.0,0.0,0.0,0.0,0.0,0.0,0.0,-0.051288975000000014,0.0,0.46385247213364555,0.27881266666666665,1,2
2024-05-16 00:00:00+00:00,0.172511,0.817141,0.210014,1.587622,0.915738,1.392526,0.080092,0.0,0.0,0.0,0.0,0.0,0.0,0.0,1.0907073,0.0,0.5022672399116777,-0.5941058333333333,2,1
2024-05-17 00:00:00+00:00,-0.625001,-0.691856,-0.084061,0.91389,0.277854,-0.341423,1.012842,0.0,0.0,0.0,0.0,0.0,0.0,0.0,0.34761277500000004,0.0,0.4270566729282353,-0.9327634166666667,1,1
2024-05-20 00:00:00+00:00,-0.256338,-0.183526,-0.218048,0.422486,0.0,0.727816,0.542771,0.0,0.0,0.0,0.0,0.0,0.0,0.0,0.24115775,0.0,0.43205354253603967,-0.6425722500000001,1,1
2024-05-21 00:00:00+00:00,0.348573,0.345058,0.046321,-2.116505,0.280205,-0.314182,-0.41559,0.0,0.0,0.0,1.0,0.0,0.0,0.0,-0.5711194749999999,0.3,0.6070343888466795,0.8881686666666667,0,1
2024-05-22 00:00:00+00:00,-0.66508,-0.224846,-0.091406,-0.13017,0.305162,-0.846866,0.018175,0.0,0.0,0.0,0.0,0.0,0.0,0.0,-0.0699258,0.0,0.609104415525699,-0.16368591666666668,1,1
2024-05-23 00:00:00+00:00,-0.606158,-0.248631,-0.548924,-1.702935,1.636662,1.258813,-1.334575,0.0,0.0,0.0,0.0,1.0,0.0,1.0,0.2170615750000001,0.45,0.37139721382940805,-0.43239558333333333,1,2
2024-05-24 00:00:00+00:00,0.126299,0.059534,-0.371547,-1.376731,-0.045938,-1.168981,-0.882941,0.0,0.0,0.0,0.0,0.0,0.0,0.0,-0.664820225,0.0,0.4285513341267086,0.8067430833333333,0,1
2024-05-28 00:00:00+00:00,-0.090836,0.010961,-0.259025,-0.032875,-0.193171,-0.114777,-0.463212,0.0,0.0,0.0,0.0,0.0,0.0,0.0,-0.142456175,0.0,0.3664908614705553,0.08804208333333335,1,1
2024-05-29 00:00:00+00:00,-0.91842,-0.51581,-0.762232,-1.828529,-0.801512,-0.768234,0.046503,1.0,0.0,1.0,0.0,0.0,0.0,0.0,-1.0560408,0.07500000000000001,0.5100126157198169,0.10578899999999991,0,0
2024-05-30 00:00:00+00:00,-1.523617,-1.095307,-0.861381,-1.335824,-0.95156,-1.303898,-0.621664,1.0,1.0,1.0,0.0,0.0,0.0,0.0,-1.1165812499999999,0.1,0.5798098309468487,-0.10686516666666668,0,1
2024-05-31 00:00:00+00:00,0.54795,0.127211,0.586569,-0.825993,0.186978,1.139875,-0.157358,0.0,0.0,0.0,0.0,0.0,0.0,0.0,0.036314125000000017,0.0,0.5226462791597917,0.3347011666666666,1,1
2024-06-03 00:00:00+00:00,0.179988,0.006219,0.538212,1.78892,3.254232,1.13057,-0.269662,0.0,0.0,0.0,0.0,1.0,0.0,0.0,2.0260369750000007,0.4,1.272363937785824,-1.234542,2,2
2024-06-04 00:00:00+00:00,0.064431,0.595854,-0.152266,0.223171,-5.92936,-0.219845,0.412864,0.0,0.0,0.0,0.0,1.0,0.0,0.0,-2.3082324250000004,0.4,1.6298945987165872,1.5476321666666668,0,1
2024-06-05 00:00:00+00:00,-0.751688,-1.088337,-0.372753,-0.103819,3.362424,-0.894212,-0.834495,0.0,1.0,0.0,0.0,1.0,0.0,0.0,1.073329075,0.42500000000000004,1.718731423353469,-1.1200671666666666,2,2
2024-06-06 00:00:00+00:00,0.865089,0.925253,0.182216,0.281357,0.888805,0.554271,-0.541825,0.0,0.0,0.0,0.0,0.0,0.0,0.0,0.54984785,0.0,1.6208840793682013,0.3618673333333333,2,1
2024-06-07 00:00:00+00:00,0.419035,0.413064,0.464409,-0.594538,2.053993,-0.050595,0.081511,0.0,0.0,0.0,0.0,0.0,0.0,0.0,0.6837450250000001,0.0,1.6228627862923566,0.05957658333333332,2,1
2024-06-10 00:00:00+00:00,-0.476614,-0.511457,-0.481569,0.0,-0.132894,0.915704,0.0,0.0,0.0,0.0,0.0,0.0,0.0,0.0,0.03541777499999999,0.0,1.3463686257510377,-0.6855825,2,1
2024-06-11 00:00:00+00:00,-1.347445,-0.336143,-0.204967,-1.037785,0.024293,0.247524,-0.761455,1.0,0.0,0.0,0.0,0.0,0.0,0.0,-0.3549005,0.025,0.5610483645985339,-0.2476625833333333,1,1
2024-06-12 00:00:00+00:00,-1.327214,-0.675598,-0.98074,-1.312145,0.249731,-0.65946,0.311194,1.0,0.0,1.0,0.0,0.0,0.0,0.0,-0.47621769999999997,0.07500000000000001,0.5209323466842911,-0.6418473333333332,0,2
2024-06-13 00:00:00+00:00,0.969164,1.420364,0.830902,0.974426,0.32565,-0.401891,-0.281454,0.0,1.0,1.0,0.0,0.0,0.0,0.0,0.44951474999999996,0.07500000000000001,0.5001933596632571,0.9192939166666668,0,2
2024-06-14 00:00:00+00:00,-1.992195,-1.96008,-0.630513,-0.943273,0.285053,0.242998,0.122622,1.0,1.0,0.0,0.0,0.0,0.0,0.0,-0.256712425,0.05,0.37056026409335796,-1.454446,2,1
2024-06-17 00:00:00+00:00,-2.656324,-1.443473,-0.205793,-0.031547,0.0,-1.834665,-0.55206,1.0,1.0,0.0,0.0,0.0,1.0,0.0,-0.4250514249999999,0.19999999999999998,0.37921667726485875,-0.8306286666666669,0,1
2024-06-18 00:00:00+00:00,0.910267,0.367689,-0.057687,-0.114676,0.393345,0.99644,0.475978,0.0,0.0,0.0,0.0,0.0,0.0,0.0,0.32526465000000004,0.0,0.43354501101140214,-0.031015416666666684,1,1
2024-06-20 00:00:00+00:00,0.755854,0.352884,0.603026,-0.515834,0.216874,0.161412,-0.417888,0.0,0.0,0.0,0.0,0.0,0.0,0.0,-0.006813449999999995,0.0,0.37181677232985433,0.7094469999999999,1,1
2024-06-21 00:00:00+00:00,1.336023,1.030941,0.821445,-1.673277,-0.27963,-0.09461,-0.242862,0.0,0.0,1.0,0.0,0.0,0.0,0.0,-0.5399233499999999,0.05,0.34668561702950107,1.63539775,0,1
2024-06-24 00:00:00+00:00,-0.55753,-0.496654,-0.420669,-0.004485,0.156376,0.539375,-1.168686,0.0,0.0,0.0,0.0,0.0,0.0,1.0,0.03628879999999999,0.05,0.35527068352592195,-0.37226266666666674,1,1
2024-06-25 00:00:00+00:00,1.026671,0.892231,0.532909,0.250667,0.779388,0.949628,-0.442207,0.0,0.0,0.0,0.0,0.0,0.0,0.0,0.58190715,0.0,0.4200641596961911,0.4329013333333332,2,2
2024-06-26 00:00:00+00:00,-0.578577,-0.807401,-0.408131,0.094226,0.621804,1.260868,0.763689,0.0,0.0,0.0,0.0,0.0,0.0,0.0,0.44924804999999995,0.0,0.44133124408010377,-1.2831830833333333,1,1
2024-06-27 00:00:00+00:00,-0.693655,-0.123112,-0.2728,-2.064458,0.736104,-0.820659,-0.897313,0.0,0.0,0.0,1.0,0.0,0.0,0.0,-0.526919475,0.3,0.5270004514662755,0.39839250000000004,0,1
2024-06-28 00:00:00+00:00,-1.030729,0.304653,-0.554382,0.012072,-0.14099,0.613954,0.731572,0.0,0.0,0.0,0.0,0.0,0.0,0.0,0.030026299999999995,0.0,0.4345102650397748,-0.7309713333333334,1,1
2024-07-01 00:00:00+00:00,-0.681479,0.136725,-0.190717,0.0,0.547048,0.121215,0.920903,0.0,0.0,0.0,0.0,0.0,0.0,1.0,0.2598919,0.05,0.4360026266672503,-0.6424485,1,1
2024-07-02 00:00:00+00:00,1.092734,0.302767,0.033068,0.285187,-0.074972,1.119407,0.076167,0.0,0.0,0.0,0.0,0.0,0.0,0.0,0.263827625,0.0,0.3782158678540911,0.12474241666666663,1,1
2024-07-03 00:00:00+00:00,-0.302069,-0.692154,-0.558353,1.178615,0.674231,1.262818,-0.48832,0.0,0.0,0.0,0.0,0.0,0.0,0.0,0.7355103749999999,0.0,0.4583771870688643,-1.1743613333333331,2,1
2024-07-05 00:00:00+00:00,1.244182,1.15871,0.61444,-1.268396,0.089289,-0.003122,-0.25811,0.0,0.0,0.0,0.0,0.0,0.0,0.0,-0.2673826999999999,0.0,0.36799263718244696,1.3658620833333333,1,1
2024-07-08 00:00:00+00:00,-0.261957,0.135328,-0.453805,-1.548061,-0.013562,-0.321839,-0.931653,0.0,0.0,0.0,0.0,0.0,0.0,1.0,-0.5905575750000001,0.05,0.5162773993102158,0.51030075,0,1
2024-07-09 00:00:00+00:00,-0.62757,-0.018394,-0.126774,-0.004737,0.463182,1.960419,1.263396,0.0,0.0,0.0,0.0,0.0,1.0,1.0,0.5185965499999999,0.2,0.550603345921623,-1.1781443333333332,1,1
2024-07-10 00:00:00+00:00,-1.557402,-1.276855,-0.6554,-0.294241,-0.445091,0.605617,-0.676091,0.0,1.0,0.0,0.0,0.0,0.0,0.0,-0.312897125,0.025,0.5759096064332231,-0.9607675,1,1
2024-07-11 00:00:00+00:00,0.864197,0.937867,0.659724,2.064257,-0.034944,0.937157,1.055431,0.0,0.0,0.0,1.0,0.0,0.0,1.0,0.8766823999999999,0.35,0.6216100020814627,-0.18487924999999994,2,1
2024-07-12 00:00:00+00:00,0.707463,0.691793,0.363701,2.585477,0.765757,-2.44728,0.030567,0.0,0.0,0.0,1.0,0.0,1.0,0.0,0.7695487000000001,0.44999999999999996,0.6629800393371971,0.35402208333333335,1,1
2024-07-15 00:00:00+00:00,1.274266,1.152545,0.35996,-1.516622,0.345067,0.0,0.09141,0.0,0.0,0.0,0.0,0.0,0.0,0.0,-0.23372102499999997,0.0,0.5609209714825402,1.1989599166666665,1,1
2024-07-16 00:00:00+00:00,-1.185993,-0.838956,-0.84698,-1.598357,0.106972,0.204897,0.0771,0.0,0.0,1.0,0.0,0.0,0.0,0.0,-0.495101475,0.05,0.6491043842032753,-0.6549626666666666,0,1
2024-07-17 00:00:00+00:00,-0.69019,-0.39192,-0.221191,0.064473,0.0,-0.429767,-0.451868,0.0,0.0,0.0,0.0,0.0,0.0,0.0,-0.10582885,0.0,0.6204828014510219,-0.23014316666666662,1,0
2024-07-18 00:00:00+00:00,-0.121632,-0.435946,0.276796,0.219849,0.763213,-2.36349,0.481903,0.0,0.0,0.0,0.0,1.0,1.0,0.0,0.040711900000000016,0.55,0.47557712631674737,0.13103725000000005,1,2
2024-07-19 00:00:00+00:00,0.2079,-0.447685,0.212524,-2.029037,-1.088468,-0.155914,0.173859,0.0,0.0,0.0,1.0,1.0,0.0,0.0,-1.0541608750000004,0.7,0.4303395114604129,0.765803,0,1
2024-07-22 00:00:00+00:00,-0.685816,-0.996091,-0.599644,1.252757,-0.088258,-1.160123,-0.606678,0.0,0.0,0.0,0.0,0.0,0.0,0.0,0.064141675,0.0,0.4724152413133481,-0.6099414999999999,2,2
2024-07-23 00:00:00+00:00,1.161321,1.293977,0.52846,-0.94422,-0.123216,-0.01164,-1.647895,0.0,0.0,0.0,0.0,0.0,0.0,1.0,-0.3288877,0.05,0.4618682779981956,1.67632875,1,1
2024-07-24 00:00:00+00:00,-0.306876,0.818321,-0.382982,-0.906207,-0.267783,-1.110104,-0.460216,0.0,0.0,0.0,0.0,0.0,0.0,0.0,-0.5748646749999999,0.0,0.4660732897319234,0.7288984999999999,0,0
2024-07-25 00:00:00+00:00,-1.117305,-0.917346,-0.167736,-1.670266,-0.030313,-3.282709,-0.524129,0.0,0.0,0.0,0.0,0.0,1.0,0.0,-1.091070875,0.15,0.4905569749365573,0.6427252500000001,0,1
2024-07-26 00:00:00+00:00,-1.15402,-0.482613,0.401041,-0.003523,1.756733,-0.533679,0.143935,0.0,0.0,0.0,0.0,1.0,0.0,0.0,0.607917425,0.4,0.642808081551727,-0.7527305,2,2
2024-07-29 00:00:00+00:00,1.22068,0.64939,1.212991,1.275045,0.005033,2.127087,0.032793,0.0,0.0,1.0,0.0,0.0,1.0,0.0,0.8126306999999998,0.2,0.8051468863520841,0.16769750000000005,2,2
2024-07-30 00:00:00+00:00,-0.982222,-0.526025,0.080865,-1.365733,0.085364,0.149005,-0.433803,0.0,0.0,0.0,0.0,0.0,0.0,0.0,-0.408576625,0.0,0.8112087218766814,-0.08450225,0,1
2024-07-31 00:00:00+00:00,0.417796,0.494031,-0.217066,2.009594,0.377554,1.494762,2.064702,0.0,0.0,0.0,1.0,0.0,0.0,1.0,1.0932915749999998,0.35,0.9188133743079488,-1.255066,2,2
2024-08-01 00:00:00+00:00,0.756532,0.52941,1.131195,-0.228536,0.239468,-2.494749,-0.216489,0.0,0.0,1.0,0.0,0.0,1.0,0.0,-0.26910209999999996,0.2,0.669005248795807,1.4807888333333334,0,1
2024-08-02 00:00:00+00:00,-2.138223,-2.299463,-1.01099,-2.077157,-1.172294,-5.813906,-0.922425,1.0,1.0,1.0,1.0,1.0,1.0,0.0,-2.1717635,0.9500000000000001,1.28778071133947,0.6802201666666667,0,0
2024-08-05 00:00:00+00:00,-1.609812,-2.332737,-1.312265,-1.458501,-2.678646,-12.395758,-1.536479,1.0,1.0,1.0,0.0,1.0,1.0,1.0,-3.6093733250000004,0.7000000000000002,1.831734168798837,2.7657413333333336,0,0
2024-08-06 00:00:00+00:00,-1.417711,-1.824453,-2.036772,-0.305536,-0.262096,10.226327,0.230221,0.0,1.0,1.0,0.0,0.0,1.0,0.0,1.1660682,0.225,2.091494502049583,-4.231874333333334,2,1
2024-08-07 00:00:00+00:00,-0.265075,0.088358,0.231013,1.384723,1.271016,1.19439,0.088936,0.0,0.0,0.0,0.0,1.0,0.0,0.0,1.114561325,0.4,2.0962179888970027,-0.9666675833333332,2,2
2024-08-08 00:00:00+00:00,1.906998,1.502969,1.746667,0.082775,-0.742875,-0.736607,0.002331,1.0,0.0,1.0,0.0,0.0,0.0,0.0,-0.21010947499999993,0.07500000000000001,2.099791960807864,2.067472,0,2
2024-08-09 00:00:00+00:00,-0.25543,0.37042,-0.268154,1.174535,1.038686,0.556547,-0.268538,0.0,0.0,0.0,0.0,0.0,0.0,0.0,0.8273571,0.0,2.0159959197910013,-0.6763621666666667,2,1
2024-08-12 00:00:00+00:00,0.307139,0.240269,0.283611,0.125334,-0.084128,0.0,-0.139369,0.0,0.0,0.0,0.0,0.0,0.0,0.0,0.0248463,0.0,0.6369424271921951,0.3015470833333333,1,1
2024-08-13 00:00:00+00:00,-0.261909,0.020255,0.51664,0.364723,-0.854315,3.447571,0.340807,0.0,0.0,0.0,0.0,0.0,0.0,0.0,0.3216575499999999,0.0,0.5502537616313751,-0.7330344999999999,1,2
2024-08-14 00:00:00+00:00,0.347557,0.482781,0.303282,-0.353447,0.019678,0.579364,-0.60294,0.0,0.0,0.0,0.0,0.0,0.0,0.0,-0.005482750000000019,0.0,0.4028402137280553,0.46720958333333334,1,1
2024-08-15 00:00:00+00:00,0.790143,0.412916,0.557356,-0.024652,0.0,0.77989,0.936762,0.0,0.0,0.0,0.0,0.0,0.0,0.0,0.21437027499999997,0.0,0.33622414225644237,0.16380500000000003,1,2
2024-08-16 00:00:00+00:00,1.227408,1.664136,0.800628,1.876304,1.645976,3.637771,0.072011,0.0,1.0,0.0,0.0,1.0,0.0,0.0,1.8828677999999999,0.42500000000000004,0.7915546703843932,-0.5772914999999998,2,0
2024-08-19 00:00:00+00:00,0.354692,0.765321,-0.431272,0.799821,0.128356,-1.770897,0.494686,0.0,0.0,0.0,0.0,0.0,0.0,0.0,0.05682517500000004,0.0,0.7869963949854294,0.3165888333333334,1,1
2024-08-20 00:00:00+00:00,0.4627,0.5419,0.547441,-0.332906,0.513576,1.803492,-0.933525,0.0,0.0,0.0,0.0,0.0,0.0,0.0,0.38189319999999993,0.0,0.784153670378088,0.25468775,2,1
2024-08-21 00:00:00+00:00,0.020845,-0.348339,-1.000378,-0.685682,0.288878,-0.291941,-0.351521,0.0,0.0,0.0,0.0,0.0,0.0,0.0,-0.20972684999999996,0.0,0.821878002660397,-0.18255749999999998,1,1
2024-08-22 00:00:00+00:00,0.520861,0.49805,0.122087,1.437468,0.166736,0.683,-0.273474,0.0,0.0,0.0,0.0,0.0,0.0,0.0,0.6182882249999999,0.0,0.8108309350332042,-0.1230998333333333,1,2
2024-08-23 00:00:00+00:00,-0.008111,0.240889,0.055528,-0.163825,0.046956,0.401083,0.196434,0.0,0.0,0.0,0.0,0.0,0.0,0.0,0.0482149,0.0,0.32298596736194474,-0.024059999999999998,1,2
2024-08-26 00:00:00+00:00,0.703474,0.755454,0.48021,1.059674,0.755139,-0.662207,0.040363,0.0,0.0,0.0,0.0,0.0,0.0,0.0,0.5831286000000002,0.0,0.3571308529433184,0.3481370833333333,1,1
2024-08-27 00:00:00+00:00,0.175927,-0.086298,0.0,0.426657,0.028589,0.468122,-0.237752,0.0,0.0,0.0,0.0,0.0,0.0,0.0,0.20000412499999998,0.0,0.35396189973830694,-0.14152766666666666,1,1
2024-08-28 00:00:00+00:00,-0.323967,0.34802,0.212543,-1.019435,0.1383,0.217142,-0.396738,0.0,0.0,0.0,0.0,0.0,0.0,0.0,-0.22654762499999997,0.0,0.35943722855218163,0.34404808333333337,1,1
2024-08-29 00:00:00+00:00,0.157157,0.537841,-0.019167,0.530572,0.397566,-0.024055,-0.504788,0.0,0.0,0.0,0.0,0.0,0.0,0.0,0.30576695,0.0,0.30056451501966025,0.12545325,1,1
2024-08-30 00:00:00+00:00,0.835089,0.693639,0.427848,1.139921,0.333776,0.743483,0.676849,0.0,0.0,0.0,0.0,0.0,0.0,0.0,0.6804621999999998,0.0,0.3577120042326973,-0.07131524999999994,2,2
2024-09-03 00:00:00+00:00,-0.130874,-0.029876,-0.035801,-0.228807,0.004551,-0.037628,-0.286582,0.0,0.0,0.0,0.0,0.0,0.0,0.0,-0.09260379999999999,0.0,0.35568841230981224,0.07159950000000001,1,0
2024-09-04 00:00:00+00:00,-0.932722,-0.970586,-0.780743,-1.099909,-0.321008,-4.235863,-0.66718,0.0,0.0,0.0,0.0,0.0,0.0,0.0,-1.2137342,0.0,0.7123562260952244,0.6863063333333334,0,0
2024-09-05 00:00:00+00:00,-0.978599,-0.82818,-0.34826,-0.074691,-0.212708,-1.054102,0.144953,0.0,0.0,0.0,0.0,0.0,0.0,0.0,-0.32094062500000003,0.0,0.7174716726570294,-0.4192093333333333,1,1
2024-09-06 00:00:00+00:00,-0.920018,-0.082561,-0.337373,0.0,-1.165035,-0.72461,-0.807193,0.0,0.0,0.0,0.0,0.0,0.0,0.0,-0.6569982750000001,0.0,0.7008852041158579,0.22755883333333332,0,1
2024-09-09 00:00:00+00:00,-1.071859,-1.47821,-0.730434,-1.417883,0.339005,-0.482857,-1.060047,0.0,1.0,0.0,0.0,0.0,0.0,1.0,-0.515467225,0.07500000000000001,0.4226017087954346,-0.43805550000000004,0,2
2024-09-10 00:00:00+00:00,0.992342,0.774019,1.091485,0.215904,0.419865,-0.156258,0.281524,0.0,0.0,0.0,0.0,0.0,0.0,0.0,0.32208797499999997,0.0,0.5566759622120271,0.7623565833333332,1,1
2024-09-11 00:00:00+00:00,-0.23851,-0.963158,-0.783477,-0.727505,-0.489796,-1.491712,-0.816159,0.0,0.0,0.0,0.0,0.0,0.0,0.0,-0.7479502,0.0,0.4262651884786352,0.21957799999999994,0,1
2024-09-12 00:00:00+00:00,-0.144714,0.352293,-0.147448,0.769665,1.887963,3.406816,-0.171647,0.0,0.0,0.0,0.0,1.0,0.0,0.0,1.4863418250000002,0.4,0.9443552312433112,-1.4531555833333334,2,1
2024-09-13 00:00:00+00:00,0.516975,1.026287,0.574813,0.746498,-0.127616,-0.682828,-0.47966,0.0,0.0,0.0,0.0,0.0,0.0,0.0,0.11381799999999999,0.0,0.8752473494151082,0.8419265,0,1
2024-09-16 00:00:00+00:00,0.405917,0.977459,0.389511,0.305308,0.107468,0.0,0.0,0.0,0.0,0.0,0.0,0.0,0.0,0.0,0.18863955000000004,0.0,0.7983423557663398,0.48776833333333325,1,0
2024-09-17 00:00:00+00:00,-0.211782,-0.354509,0.064072,1.365508,0.137099,-1.034786,0.0,0.0,0.0,0.0,1.0,0.0,0.0,0.0,0.29832042499999994,0.3,0.7980446371964367,-0.2843615833333333,1,2
2024-09-18 00:00:00+00:00,0.509837,0.498954,0.380508,0.0,-0.1613,0.488777,0.487814,0.0,0.0,0.0,0.0,0.0,0.0,0.0,0.07743242499999999,0.0,0.5949128144433544,0.25927691666666663,1,1
2024-09-19 00:00:00+00:00,-0.567886,-0.077912,-0.676304,1.999662,0.150724,2.130711,0.689696,0.0,0.0,0.0,1.0,0.0,0.0,0.0,0.9643194999999997,0.3,0.36532912454499783,-1.6833989166666665,2,2
2024-09-20 00:00:00+00:00,2.290296,1.55461,0.908683,1.362394,1.476044,1.530284,0.028947,1.0,1.0,1.0,0.0,1.0,0.0,0.0,1.3716825499999998,0.5,0.5611468745289426,0.4851124166666667,2,1
2024-09-23 00:00:00+00:00,-1.512071,-1.485977,-1.185061,-0.06277,0.574239,0.0,0.442266,1.0,1.0,1.0,0.0,0.0,0.0,0.0,0.09877364999999999,0.1,0.5780047708128505,-1.6328034166666667,2,1
2024-09-24 00:00:00+00:00,0.104267,0.677239,0.360877,4.129154,0.005203,0.574383,4.154653,0.0,0.0,0.0,1.0,0.0,0.0,1.0,1.5722989999999997,0.35,0.7004751217916935,-1.8350539166666662,2,1
2024-09-25 00:00:00+00:00,1.277686,0.795052,0.279666,0.676501,0.245756,-0.185364,1.158871,1.0,0.0,0.0,0.0,0.0,0.0,0.0,0.39719340000000003,0.025,0.6268079037987161,0.31019366666666665,1,1
2024-09-26 00:00:00+00:00,-0.504861,-0.411288,-0.170228,4.158484,0.814871,2.786797,3.613119,0.0,0.0,0.0,1.0,0.0,1.0,1.0,2.1407539749999995,0.49999999999999994,0.8478112009270414,-3.2054434166666663,2,2
2024-09-27 00:00:00+00:00,2.332522,1.690723,0.195922,3.551998,-0.141522,2.322197,2.884956,1.0,1.0,0.0,1.0,0.0,1.0,1.0,1.611945175,0.5499999999999999,0.8723689920413273,-0.7480182500000003,2,1
2024-09-30 00:00:00+00:00,0.641948,1.222929,0.433311,2.430068,-1.40609,-4.795453,8.063666,0.0,1.0,0.0,1.0,1.0,1.0,1.0,-0.0812627750000001,0.925,0.9292025775853175,-0.3069850833333332,1,1
2024-10-01 00:00:00+00:00,-2.002621,-0.763603,-1.007112,0.0,-0.054044,1.931505,0.0,1.0,0.0,1.0,0.0,0.0,0.0,0.0,0.14859694999999998,0.07500000000000001,0.9760432710472994,-1.7271439166666667,2,1
2024-10-02 00:00:00+00:00,-0.807781,-0.578471,0.481974,6.198877,0.0,-2.181537,0.0,0.0,0.0,0.0,1.0,0.0,0.0,0.0,1.5218749500000002,0.3,0.977085728143767,-1.3057610000000002,2,1
2024-10-03 00:00:00+00:00,0.046475,-0.251862,0.171568,-1.471327,-2.119638,1.965938,0.0,0.0,0.0,0.0,0.0,1.0,0.0,0.0,-0.9909188750000001,0.4,1.1122103435096724,0.3949837500000001,0,0
2024-10-04 00:00:00+00:00,-1.317174,-0.779242,-0.101321,2.818907,-0.93267,0.216752,0.0,0.0,0.0,0.0,1.0,0.0,0.0,0.0,0.4476404499999998,0.3,0.9094360943813647,-1.25832625,2,2
2024-10-07 00:00:00+00:00,0.850253,0.554916,-0.022945,1.596131,-0.874888,1.804338,0.0,0.0,0.0,0.0,0.0,0.0,0.0,0.0,0.43351677499999997,0.0,0.8973934621460239,-0.17065391666666668,2,0
2024-10-08 00:00:00+00:00,0.459601,-0.088019,0.277758,-9.406974,0.876765,-1.004759,4.593975,0.0,0.0,0.0,1.0,0.0,0.0,1.0,-2.3692238499999996,0.35,1.5096648533181112,1.4516949166666664,0,2
2024-10-09 00:00:00+00:00,-0.722018,-0.196968,-1.36085,-1.383628,-0.124739,0.874277,-6.61696,0.0,0.0,1.0,0.0,0.0,0.0,1.0,-0.7557076000000001,0.1,1.1685361271033694,1.0528171666666668,0,1
2024-10-10 00:00:00+00:00,0.515468,0.988431,0.648305,2.978791,0.066048,0.262055,1.321571,0.0,0.0,0.0,0.0,0.0,0.0,0.0,1.0954560249999998,0.0,1.3701214690500785,-0.4397149166666666,2,0
2024-10-11 00:00:00+00:00,-0.244706,-0.228665,-0.072783,0.0,-0.136805,0.571115,-2.549663,0.0,0.0,0.0,0.0,0.0,0.0,0.0,-0.112011325,0.0,1.323007045979894,0.3467869166666666,0,0
2024-10-14 00:00:00+00:00,0.481335,0.848111,0.194229,-0.748689,0.655735,0.0,2.06931,0.0,0.0,0.0,0.0,0.0,0.0,0.0,0.1841004,0.0,1.2907852997681852,0.01380266666666674,1,2
2024-10-15 00:00:00+00:00,0.318953,0.694024,0.472515,-3.669866,-0.28096,0.769458,-2.528101,0.0,0.0,0.0,0.0,0.0,0.0,0.0,-1.1753799749999996,0.0,0.877849081138124,1.92253125,0,1
2024-10-16 00:00:00+00:00,-1.053528,-0.113283,-0.523357,-0.157192,-0.343408,-1.829717,0.051729,0.0,0.0,0.0,0.0,0.0,0.0,0.0,-0.511730025,0.0,0.8420005290931174,0.006257666666666717,0,1
2024-10-17 00:00:00+00:00,-0.398436,-0.273932,0.967352,-1.024062,-0.886823,-0.686849,-1.047909,0.0,0.0,1.0,0.0,0.0,0.0,0.0,-0.7858122000000002,0.05,0.5372443748368487,1.00973875,0,2
2024-10-18 00:00:00+00:00,1.224372,0.774875,0.672342,3.610768,0.421017,0.181332,2.908419,0.0,0.0,0.0,0.0,0.0,0.0,0.0,1.507856225,0.0,1.0543277982286603,-0.8898543333333335,2,2
2024-10-21 00:00:00+00:00,0.386615,0.377762,-0.319612,-1.565308,-0.293518,-0.069644,0.200736,0.0,0.0,0.0,0.0,0.0,0.0,0.0,-0.584280575,0.0,1.0483088472607422,0.5801885,0,1
2024-10-22 00:00:00+00:00,-1.009055,-0.997996,-0.479758,0.100048,-1.246918,-1.393008,0.543337,0.0,0.0,0.0,0.0,1.0,0.0,0.0,-0.7247013250000001,0.4,0.971874528592508,-0.3298010833333334,0,0
2024-10-23 00:00:00+00:00,-0.014993,-0.201834,-0.140658,1.274217,-0.149556,-0.799495,0.515421,0.0,0.0,0.0,0.0,0.0,0.0,0.0,0.21583592499999998,0.0,0.9716929588070846,-0.32930841666666666,1,0
2024-10-24 00:00:00+00:00,-0.499265,-0.228047,-0.576662,-1.303128,-0.147734,0.100852,-0.682452,0.0,0.0,0.0,0.0,0.0,0.0,0.0,-0.5160427000000001,0.0,0.9288484480405935,0.07345750000000006,0,2
2024-10-25 00:00:00+00:00,0.077357,0.337404,0.130782,0.490645,-0.895922,-0.60133,0.592544,0.0,0.0,0.0,0.0,0.0,0.0,0.0,-0.25483947500000004,0.0,0.3706359348278361,0.28536341666666665,1,2
2024-10-28 00:00:00+00:00,-0.076496,0.105898,-0.249118,0.044725,0.654857,1.824157,0.681821,0.0,0.0,0.0,0.0,0.0,0.0,0.0,0.5713540500000001,0.0,0.531295952463876,-0.8746286666666667,2,2
2024-10-29 00:00:00+00:00,0.792259,0.349521,0.446123,0.494099,0.524666,0.772295,-1.077329,0.0,0.0,0.0,0.0,0.0,0.0,0.0,0.47092455,0.0,0.46865890646317,0.35086825,2,1
2024-10-30 00:00:00+00:00,-0.606463,-0.274165,-0.796563,-1.548224,-0.514983,0.960606,-0.613708,0.0,0.0,0.0,0.0,0.0,0.0,0.0,-0.61889875,0.0,0.5564042366079712,-0.12998641666666666,0,1
2024-10-31 00:00:00+00:00,-1.101701,-1.133226,-0.729957,-0.310641,-0.556677,-0.499373,0.415951,0.0,0.0,0.0,0.0,0.0,0.0,0.0,-0.462342525,0.0,0.5460519372661449,-0.7506096666666666,0,0
2024-11-01 00:00:00+00:00,-1.049892,-0.933674,-0.606647,0.930731,0.409,-2.629338,-0.238124,0.0,0.0,0.0,0.0,0.0,1.0,0.0,-0.04340909999999997,0.15,0.5351492743895314,-0.48147158333333334,2,1
2024-11-04 00:00:00+00:00,0.79914,0.930055,0.827365,0.297906,-1.271377,0.0,1.167266,0.0,0.0,0.0,0.0,1.0,0.0,0.0,-0.27621757499999994,0.4,0.4253785838017305,0.8037379166666667,0,1
2024-11-05 00:00:00+00:00,-0.504783,-0.55633,0.085604,2.136627,0.908306,1.106928,2.319493,0.0,0.0,0.0,0.0,0.0,0.0,0.0,1.2640767249999998,0.0,0.7531806507598291,-1.9430081666666665,2,1
2024-11-06 00:00:00+00:00,0.480756,0.566225,-0.144184,-2.23064,1.118187,2.614103,-0.093923,0.0,0.0,0.0,0.0,0.0,1.0,0.0,0.184467425,0.15,0.6773099131683492,-0.050999416666666575,1,2
2024-11-07 00:00:00+00:00,-0.506808,-1.126693,-0.069743,2.020407,-1.162803,-0.251419,2.566784,0.0,1.0,0.0,0.0,1.0,0.0,0.0,0.18730257500000003,0.42500000000000004,0.5913319513758374,-1.36099025,2,2
2024-11-08 00:00:00+00:00,0.759745,1.697588,-0.318366,-1.074532,-0.211371,0.302074,-0.529114,0.0,1.0,0.0,0.0,0.0,0.0,0.0,-0.34253757500000004,0.025,0.642987856964091,1.0912247499999999,1,1
2024-11-11 00:00:00+00:00,-1.170682,-0.7594,-0.838998,-1.453382,-0.028567,0.083415,0.514695,0.0,0.0,0.0,0.0,0.0,0.0,0.0,-0.49939635,0.0,0.6905920738855116,-0.7020669166666665,0,1
2024-11-12 00:00:00+00:00,1.201988,1.213184,0.654084,-2.839628,-1.068093,-0.397716,-1.386024,1.0,1.0,0.0,0.0,0.0,0.0,0.0,-1.3150007000000001,0.05,0.6180015136506989,2.4459505833333335,0,1
2024-11-13 00:00:00+00:00,-2.691573,-2.133619,-1.223359,-0.118062,-1.358256,-1.661998,0.505794,1.0,1.0,1.0,0.0,1.0,0.0,0.0,-0.98452875,0.5,0.5820054667714902,-1.3580531666666666,0,1
2024-11-14 00:00:00+00:00,-0.140445,-0.160407,0.056069,-1.955455,-0.111853,-0.48025,-1.72824,0.0,0.0,0.0,0.0,0.0,0.0,0.0,-0.79454505,0.0,0.38669166573725233,0.9873551666666667,0,1
2024-11-15 00:00:00+00:00,1.315948,1.371301,0.509326,-0.048728,0.0,0.278212,-1.453118,0.0,1.0,0.0,0.0,0.0,0.0,0.0,0.047105024999999995,0.025,0.5162603562846425,1.3714335,1,0
2024-11-18 00:00:00+00:00,-0.576738,-0.274551,-0.094163,0.773535,-0.335272,-1.092202,-0.20647,0.0,0.0,0.0,0.0,0.0,0.0,0.0,-0.102192475,0.0,0.5828901107665821,-0.10004841666666664,1,1
2024-11-19 00:00:00+00:00,0.118302,-0.112546,0.566741,0.444717,0.275858,0.506473,0.666724,0.0,0.0,0.0,0.0,0.0,0.0,0.0,0.38154639999999995,0.0,0.5781047820784398,-0.28261066666666657,1,0
2024-11-20 00:00:00+00:00,-0.667605,-0.671622,-0.127012,0.210235,0.0,-0.161632,0.656872,0.0,0.0,0.0,0.0,0.0,0.0,0.0,0.031838025000000006,0.0,0.4337317317210734,-0.6651150833333334,1,1
2024-11-21 00:00:00+00:00,-0.431418,-0.291345,-0.171625,-0.527279,-0.716881,-0.850451,0.071706,0.0,0.0,0.0,0.0,0.0,0.0,0.0,-0.595568775,0.0,0.3545053190206518,0.20759691666666674,0,2
2024-11-22 00:00:00+00:00,0.206567,0.743974,0.79405,-1.893457,2.386946,0.677638,-3.062308,0.0,0.0,0.0,0.0,1.0,0.0,1.0,0.3987376250000001,0.45,0.4086908360747299,1.0543255833333334,1,1
2024-11-25 00:00:00+00:00,0.577958,0.921437,1.384166,-0.410715,1.31613,1.29634,-0.105041,0.0,0.0,1.0,0.0,1.0,0.0,0.0,0.6991296250000001,0.45,0.4953212019530128,0.43700850000000013,2,2
2024-11-26 00:00:00+00:00,0.033914,0.427527,0.35827,0.042865,-0.113122,-0.871943,-0.122648,0.0,0.0,0.0,0.0,0.0,0.0,0.0,-0.13986362500000002,0.0,0.49798628629215735,0.5394490000000001,1,1
2024-11-27 00:00:00+00:00,-0.867526,-0.562832,-0.399201,2.317068,0.332309,-0.798687,1.534531,0.0,0.0,0.0,1.0,0.0,0.0,0.0,0.7292485,0.3,0.5734733631380095,-1.45615825,2,1
2024-11-29 00:00:00+00:00,-0.715545,-0.177397,0.196162,0.2925,0.9072,-0.367747,0.933279,0.0,0.0,0.0,0.0,0.0,0.0,0.0,0.42961645000000004,0.0,0.3490998839300217,-0.673568,1,1
2024-12-02 00:00:00+00:00,0.778074,1.033262,0.073656,0.652194,0.600682,0.798231,1.128104,0.0,0.0,0.0,0.0,0.0,0.0,0.0,0.6610370500000002,0.0,0.36386798500334805,-0.1664720833333333,2,1
2024-12-03 00:00:00+00:00,0.024606,1.565081,0.308913,1.002703,0.746001,1.910626,0.440667,0.0,1.0,0.0,0.0,0.0,1.0,0.0,0.9630263749999998,0.175,0.41927527602425907,-0.39213258333333345,2,1
2024-12-04 00:00:00+00:00,0.256046,0.417038,0.559372,-0.019545,0.04211,0.070145,-0.418965,0.0,0.0,0.0,0.0,0.0,0.0,0.0,0.0453497,0.0,0.3474869316485857,0.49238241666666666,1,2
2024-12-05 00:00:00+00:00,0.659643,1.076052,-0.282324,-0.92198,0.984783,0.303518,0.124978,0.0,0.0,0.0,0.0,0.0,0.0,0.0,0.198371975,0.0,0.3656355199840429,0.36163225,1,1
2024-12-06 00:00:00+00:00,0.37326,0.626034,0.163159,1.561367,-0.123843,-0.77275,1.045487,0.0,0.0,0.0,0.0,0.0,0.0,0.0,0.38837504999999994,0.0,0.3669404826217672,-0.04008091666666669,1,1
2024-12-09 00:00:00+00:00,1.314226,0.126769,-0.488667,2.759712,-0.238274,0.17735,-0.045298,0.0,0.0,0.0,1.0,0.0,0.0,0.0,0.7685331249999999,0.3,0.38501039868739234,-0.34592983333333344,1,1
2024-12-10 00:00:00+00:00,0.717128,-0.189596,0.523554,-0.503625,-0.036351,0.528793,0.591528,0.0,0.0,0.0,0.0,0.0,0.0,0.0,-0.017366550000000005,0.0,0.31642712631577274,0.20527575,1,1
2024-12-11 00:00:00+00:00,-1.14116,-0.082576,-0.858457,-0.769171,0.129012,0.011818,0.287177,0.0,0.0,0.0,0.0,0.0,0.0,0.0,-0.2365312,0.0,0.3855093227071842,-0.6087733333333334,1,2
2024-12-12 00:00:00+00:00,0.387031,0.344333,0.256017,1.200692,-0.37782,1.211286,0.845159,0.0,0.0,0.0,0.0,0.0,0.0,0.0,0.4641154,0.0,0.3997885220832175,-0.3907022500000001,2,0
2024-12-13 00:00:00+00:00,-0.033138,0.132895,0.12287,-2.087608,0.894555,-0.950332,-2.011327,0.0,0.0,0.0,0.0,0.0,0.0,1.0,-0.5029391249999999,0.05,0.5171951499609302,1.112887,0,2
2024-12-16 00:00:00+00:00,-0.153217,-0.099625,-0.138358,-0.880015,-0.403947,-0.032817,-0.163534,0.0,0.0,0.0,0.0,0.0,0.0,0.0,-0.45192150000000003,0.0,0.3930438536996201,0.23967825,0,2
2024-12-17 00:00:00+00:00,-0.708405,-0.451386,-0.460227,-0.479957,-1.346873,-0.235212,-0.733713,0.0,0.0,0.0,0.0,1.0,0.0,0.0,-0.8067098750000001,0.4,0.47662588772894976,0.15893274999999996,0,0
2024-12-18 00:00:00+00:00,0.117168,-0.331998,-0.809714,0.832824,-0.56357,-0.718839,0.616481,0.0,0.0,0.0,0.0,0.0,0.0,0.0,-0.09843905000000003,0.0,0.4856312601969198,-0.3832386666666667,1,1
2024-12-19 00:00:00+00:00,0.256865,-0.018763,0.047582,-0.564025,-1.021331,-0.686083,-0.359973,0.0,0.0,0.0,0.0,0.0,0.0,0.0,-0.6903193500000001,0.0,0.27081228736657104,0.753081,0,2
2024-12-20 00:00:00+00:00,-1.222135,-1.347215,-1.144026,-0.161046,-1.520557,-0.287734,-0.058274,0.0,1.0,1.0,0.0,1.0,0.0,0.0,-0.8240454500000001,0.47500000000000003,0.3046587310113052,-0.73088925,0,0
2024-12-23 00:00:00+00:00,-0.272678,-0.426189,-0.255385,0.823661,0.703547,1.187129,-0.499159,0.0,0.0,0.0,0.0,0.0,0.0,0.0,0.651387575,0.0,0.6354357823649852,-0.8718785,2,1
2024-12-24 00:00:00+00:00,-0.029695,-0.180945,0.223884,1.082114,-0.108611,-0.317886,1.261347,0.0,0.0,0.0,0.0,0.0,0.0,0.0,0.30250245,0.0,0.6313204365811846,-0.47482633333333335,2,1
2024-12-26 00:00:00+00:00,0.142597,0.0,0.423313,0.0,0.095032,1.118385,0.139296,0.0,0.0,0.0,0.0,0.0,0.0,0.0,0.237465925,0.0,0.653247337512943,-0.14954158333333334,1,1
2024-12-27 00:00:00+00:00,0.0,0.0,0.0,-0.038949,0.266108,1.802215,0.060775,0.0,0.0,0.0,0.0,0.0,1.0,0.0,0.3681295,0.15,0.5653758494073852,-0.52253725,1,0
2024-12-30 00:00:00+00:00,0.997985,0.682918,0.157304,-0.244101,-0.707585,-0.959806,0.211281,1.0,0.0,0.0,0.0,0.0,0.0,0.0,-0.439783375,0.025,0.4032324915607982,1.0377884166666667,0,0
2024-12-31 00:00:00+00:00,-0.568429,-0.376193,-0.353381,0.092455,-0.000421,0.0,-1.630692,0.0,0.0,0.0,0.0,0.0,0.0,1.0,-0.09525110000000003,0.05,0.33840214813742464,-0.04800316666666665,1,1
2025-01-02 00:00:00+00:00,0.91857,0.0,0.640315,-2.17662,1.877403,0.0,-2.661343,0.0,0.0,0.0,1.0,1.0,0.0,1.0,0.01988804999999994,0.75,0.3135087373170824,1.2597683333333334,1,2
2025-01-03 00:00:00+00:00,0.176399,0.580234,1.065699,0.69789,-0.760276,0.0,-1.567208,0.0,0.0,1.0,0.0,0.0,0.0,1.0,-0.10090302500000001,0.1,0.28995069081364916,1.0148424999999999,0,2
2025-01-06 00:00:00+00:00,-1.508563,-0.59217,-0.437036,-0.364269,-1.61926,-1.472603,-0.140337,1.0,0.0,0.0,0.0,1.0,1.0,0.0,-1.059262125,0.5750000000000001,0.43981860430134073,0.05319425000000011,0,2
2025-01-07 00:00:00+00:00,2.244779,1.557863,0.312502,-1.2226,0.388929,1.974837,0.708497,1.0,1.0,0.0,0.0,0.0,1.0,0.0,0.23113315000000012,0.19999999999999998,0.49833388060459677,0.9092989166666666,1,1
2025-01-08 00:00:00+00:00,0.586382,0.615254,-0.05334,-0.862525,-0.079936,-0.255074,0.016222,0.0,0.0,0.0,0.0,0.0,0.0,0.0,-0.3008079999999999,0.0,0.49591441955182036,0.6780935833333334,1,1
2025-01-10 00:00:00+00:00,-0.493103,-0.052264,0.069133,-0.917845,-0.4038,-1.047066,-1.334908,0.0,0.0,0.0,0.0,0.0,0.0,0.0,-0.670856325,0.0,0.5009103114893516,0.7671600833333334,0,0
2025-01-13 00:00:00+00:00,-0.790888,-0.503569,-0.855802,-0.997406,-1.474728,0.0,-0.245194,0.0,0.0,1.0,0.0,1.0,0.0,0.0,-0.976524225,0.45,0.5310377119923809,-0.03742100000000004,0,0
2025-01-14 00:00:00+00:00,-0.301437,-0.405344,-0.294597,1.831282,0.390287,-1.827227,2.536896,0.0,0.0,0.0,1.0,0.0,1.0,1.0,0.5258607750000001,0.49999999999999994,0.6205433877770246,-1.0666021666666667,2,2
2025-01-15 00:00:00+00:00,0.202868,0.687833,-0.276017,0.34491,0.160288,-0.077253,-0.426512,0.0,0.0,0.0,0.0,0.0,0.0,0.0,0.143141325,0.0,0.6049563253868078,0.20453641666666666,1,2
2025-01-16 00:00:00+00:00,0.685913,1.496446,1.214407,1.227935,0.424765,0.333008,0.276254,0.0,1.0,1.0,0.0,0.0,0.0,0.0,0.7173297249999999,0.07500000000000001,0.7418893804696407,0.5667648333333334,0,2
2025-01-17 00:00:00+00:00,2.142598,0.392283,1.09384,0.313324,-0.465865,-0.314059,0.178894,1.0,0.0,1.0,0.0,0.0,0.0,0.0,-0.012448925000000027,0.07500000000000001,0.6583609728714436,1.2815001666666666,1,2
2025-01-21 00:00:00+00:00,0.98248,1.200655,1.350109,0.907066,-1.371185,0.322551,-0.05409,0.0,1.0,1.0,0.0,1.0,0.0,0.0,-0.10859222499999999,0.47500000000000003,0.35473091089961983,1.2266625,0,2
2025-01-22 00:00:00+00:00,0.484259,0.246254,0.32627,-1.630221,0.567649,1.58417,-0.894308,0.0,0.0,0.0,1.0,0.0,1.0,0.0,-0.03452027499999994,0.44999999999999996,0.33496669754545494,0.44543849999999996,1,2
2025-01-23 00:00:00+00:00,0.855104,1.00879,-0.037437,-0.395419,0.215933,0.788526,0.514685,0.0,1.0,0.0,0.0,0.0,0.0,0.0,0.15648615000000002,0.025,0.33504136124203665,0.32788775000000003,1,0
2025-01-24 00:00:00+00:00,0.704442,0.739897,0.235229,1.855931,-0.487605,-0.067296,0.69538,0.0,0.0,0.0,1.0,0.0,0.0,0.0,0.43428182499999995,0.3,0.21699456610984655,0.060753500000000016,1,1
2025-01-27 00:00:00+00:00,0.443583,-0.077527,-0.733197,0.65573,-1.139124,-0.917009,-0.062254,0.0,0.0,0.0,0.0,0.0,0.0,0.0,-0.42710309999999996,0.0,0.31953290808213647,0.24328391666666666,0,0
2025-01-28 00:00:00+00:00,-0.265402,-0.526994,0.015288,0.135361,0.561123,-1.387384,0.0,0.0,0.0,0.0,0.0,0.0,0.0,0.0,0.03790440000000002,0.0,0.3132702491228804,-0.08631100000000003,1,1
2025-01-29 00:00:00+00:00,-0.116485,0.697299,0.355142,0.0,0.896665,1.019841,0.0,0.0,0.0,0.0,0.0,0.0,0.0,0.0,0.5439196,0.0,0.38132670341538444,-0.16714116666666667,2,1
2025-01-30 00:00:00+00:00,-0.31517,0.965673,0.280053,0.0,0.373009,0.251651,0.0,0.0,0.0,0.0,0.0,0.0,0.0,0.0,0.217216475,0.0,0.38258598826937146,0.15402033333333331,1,2
2025-01-31 00:00:00+00:00,0.878505,0.414418,1.041162,0.0,1.113574,0.148098,0.0,0.0,0.0,1.0,0.0,0.0,0.0,0.0,0.552025475,0.05,0.4064713966743402,0.4626103333333333,1,2
2025-02-03 00:00:00+00:00,0.107406,0.022329,0.313403,-0.038811,-0.626796,-2.659419,0.0,0.0,0.0,0.0,0.0,0.0,1.0,0.0,-0.642361025,0.15,0.490248801415967,0.9789691666666667,0,0
2025-02-04 00:00:00+00:00,-1.198088,-1.397984,-1.0422,2.832734,1.618931,0.722431,0.0,0.0,1.0,1.0,1.0,1.0,0.0,0.0,1.4887454499999997,0.775,0.7655107104135814,-2.5062813333333334,2,1
2025-02-05 00:00:00+00:00,0.655385,0.361481,-0.149119,-0.927713,-0.180921,0.085337,-0.649512,0.0,0.0,0.0,0.0,0.0,0.0,0.0,-0.35239165,0.0,0.8345557657064865,0.7074512500000001,0,0
2025-02-06 00:00:00+00:00,-0.186175,0.373066,0.612545,1.429956,-0.39226,0.60531,1.274843,0.0,0.0,0.0,0.0,0.0,0.0,0.0,0.46192097499999996,0.0,0.8391211991213978,-0.4629835833333333,2,1
2025-02-07 00:00:00+00:00,1.469141,1.466188,1.206035,1.157976,-0.183874,-0.715476,1.009217,1.0,1.0,1.0,0.0,0.0,0.0,0.0,0.3506676249999999,0.1,0.8288664501584735,1.0634939166666664,0,1
2025-02-10 00:00:00+00:00,-0.431968,-0.526973,-0.30708,1.838033,-0.757003,0.036487,0.560072,0.0,0.0,0.0,1.0,0.0,0.0,0.0,0.24275782500000004,0.3,0.6661649657928744,-0.8414042500000001,2,2
